Date,Open,High,Low,Close,Adj Close,Volume
2018-07-13,1070.354126,1098.586548,1069.858765,1089.4729,1072.728882,18137593
2018-07-16,1089.4729,1098.487427,1062.974121,1066.094482,1049.709717,6658302
2018-07-17,1068.174805,1085.659058,1059.556519,1082.092896,1065.46228,6530578
2018-07-18,1088.08606,1094.227783,1067.184204,1082.291016,1065.657349,4726480
2018-07-19,1083.033936,1104.530151,1076.14917,1094.475464,1077.654541,5485122
2018-07-20,1102.94519,1127.809448,1101.459229,1118.052002,1100.868652,8094154
2018-07-23,1119.191162,1119.191162,1102.647949,1109.780396,1092.724243,5897877
2018-07-24,1111.464478,1116.1698,1097.001465,1100.518188,1083.60437,4511507
2018-07-25,1099.577148,1112.455078,1093.831543,1104.678711,1087.700928,6006077
2018-07-26,1099.676147,1110.969116,1097.397705,1100.220947,1083.311646,6485768
2018-07-27,1108.987915,1126.719849,1101.706909,1119.240723,1102.039063,6742782
2018-07-30,1119.389282,1146.432983,1117.408081,1140.588379,1123.058716,14003964
2018-07-31,1140.192139,1179.222168,1136.378296,1174.863525,1156.807129,14006901
2018-08-01,1179.222168,1191.604736,1174.269043,1181.153809,1163.000854,9796282
2018-08-02,1180.311768,1180.311768,1155.001709,1157.37915,1139.591431,6308209
2018-08-03,1163.966797,1172.386963,1158.567993,1165.898438,1147.979858,6708388
2018-08-06,1165.650757,1184.769531,1164.313477,1181.401489,1163.244629,4054489
2018-08-07,1183.679932,1190.118896,1165.947998,1173.080322,1155.051147,4097939
2018-08-08,1173.872803,1211.020752,1173.872803,1206.265747,1187.726685,7987438
2018-08-09,1210.030151,1220.134399,1200.619385,1206.513428,1187.970581,6911830
2018-08-10,1199.628662,1203.591187,1191.010376,1192.892578,1174.55896,3615156
2018-08-13,1186.305054,1188.682495,1171.594482,1176.547485,1158.46521,4712408
2018-08-14,1178.825928,1205.770508,1173.179443,1199.232422,1180.801392,5349770
2018-08-16,1191.951538,1204.581787,1184.274292,1189.524536,1171.242798,6039198
2018-08-17,1197.647461,1203.987427,1188.781494,1192.446777,1174.120117,3867305
2018-08-20,1196.557861,1225.186401,1196.310181,1223.304321,1204.503418,7679143
2018-08-21,1225.632202,1239.748413,1215.478516,1235.48877,1216.500732,7348644
2018-08-23,1234.59729,1262.037109,1226.771484,1257.529907,1238.203003,8043652
2018-08-24,1253.369263,1267.931274,1248.21814,1265.504272,1246.05481,6715059
2018-08-27,1267.386475,1283.682007,1266.742554,1279.372803,1259.710205,5624995
2018-08-28,1283.830566,1310.577026,1282.839966,1306.614624,1286.533447,8777168
2018-08-29,1303.939941,1316.520752,1278.085083,1282.047485,1262.34375,11182203
2018-08-30,1281.453125,1284.969727,1258.520508,1262.48291,1243.079956,9943410
2018-08-31,1258.074707,1258.074707,1224.988281,1229.990967,1211.08728,15450941
2018-09-03,1233.309448,1246.088379,1214.537354,1217.608276,1198.894775,12315666
2018-09-04,1223.552002,1243.017456,1217.459717,1230.288086,1211.379883,8922552
2018-09-05,1230.832886,1240.887573,1197.152222,1215.478516,1196.797974,10422792
2018-09-06,1218.598877,1253.815063,1213.843994,1249.55542,1230.351074,11301160
2018-09-07,1253.022583,1269.318115,1242.720215,1266.593994,1247.127686,10794143
2018-09-10,1263.02771,1265.009033,1238.361572,1244.057617,1224.937744,7125920
2018-09-11,1247.177979,1256.489746,1222.6604,1226.078003,1207.234375,10977849
2018-09-12,1240.045654,1246.880859,1217.311157,1240.739014,1221.670044,8142006
2018-09-14,1247.574219,1263.62207,1235.93457,1241.382935,1222.304199,7953264
2018-09-17,1239.005493,1239.005493,1210.12915,1214.388794,1195.724731,6818107
2018-09-18,1214.487915,1227.762085,1202.947266,1205.720947,1187.190308,7688607
2018-09-19,1212.506592,1212.506592,1189.722656,1199.381104,1180.947876,11372574
2018-09-21,1207.553589,1225.780884,1172.386963,1206.067627,1187.531738,19250938
2018-09-24,1203.046265,1228.257324,1193.189697,1220.481079,1201.723633,10198351
2018-09-25,1223.898682,1233.309448,1183.778931,1219.044678,1200.309204,9807108
2018-09-26,1227.365845,1242.175415,1215.627075,1239.649414,1220.59729,6457463
2018-09-27,1243.215576,1251.140381,1225.879883,1241.977295,1222.889404,10911205
2018-09-28,1248.06958,1259.758789,1235.587891,1246.137817,1226.985962,11177984
2018-10-01,1245.890259,1245.890259,1192.694458,1220.134399,1201.382324,7402199
2018-10-03,1217.954956,1227.960205,1188.781494,1193.78418,1175.437012,7446497
2018-10-04,1178.330566,1179.222168,1095.614624,1111.712036,1094.626221,23432473
2018-10-05,1089.175659,1104.827393,1028.401733,1039.001343,1023.03302,22151189
2018-10-08,1040.140503,1106.511353,1015.920105,1098.982788,1082.092529,24913364
2018-10-09,1111.117676,1112.752197,1071.047485,1079.814453,1063.218872,11095381
2018-10-10,1083.628296,1105.372192,1074.118408,1091.751343,1074.972168,9592247
2018-10-11,1054.009033,1104.282471,1033.206299,1077.585571,1061.02417,13349523
2018-10-12,1094.574585,1118.398682,1091.553223,1115.97168,1098.82019,9144401
2018-10-15,1119.290283,1136.130615,1107.650635,1129.047729,1111.695435,8955871
2018-10-16,1135.239014,1156.43811,1129.29541,1152.871948,1135.153564,7549490
2018-10-17,1167.929199,1168.275879,1129.29541,1140.489258,1122.961182,12906841
2018-10-19,1089.671021,1100.567749,1060.200317,1090.95874,1074.191772,25662196
2018-10-22,1099.577148,1104.332031,1047.421509,1052.671753,1036.493286,13290338
2018-10-23,1042.864624,1054.702515,1033.850098,1044.796387,1028.739014,10673958
2018-10-24,1064.806641,1065.846802,1021.715149,1035.93042,1020.009338,13784775
2018-10-25,1026.271973,1030.878296,1006.856018,1021.120789,1005.427185,14229855
2018-10-26,1023.20105,1047.074829,1012.403442,1035.088379,1019.180115,9269654
2018-10-29,1036.178101,1083.578735,1036.178101,1077.585571,1061.02417,7744528
2018-10-30,1075.307129,1075.307129,1042.220825,1047.074829,1030.982422,8890179
2018-10-31,1049.05603,1055.841675,1037.168701,1051.284912,1035.127808,16613693
2018-11-01,1057.872437,1057.872437,1040.140503,1046.331787,1030.250732,9485091
2018-11-02,1056.980835,1070.849365,1053.166992,1064.806641,1048.44165,16955411
2018-11-05,1063.370361,1082.439575,1054.999634,1080.062134,1063.462524,7654392
2018-11-06,1083.727295,1101.55835,1081.349854,1093.732544,1076.923096,8716110
2018-11-07,1104.530151,1104.530151,1096.308105,1100.270508,1083.360596,1296168
2018-11-09,1095.862305,1103.341431,1074.81189,1083.182495,1066.535156,10943218
2018-11-12,1087.392578,1088.4823,1064.459961,1069.858765,1053.416138,5856714
2018-11-13,1063.915161,1092.642822,1060.002197,1089.126221,1072.387573,6876165
2018-11-14,1094.673584,1102.202271,1075.307129,1087.640259,1070.924438,7861347
2018-11-15,1086.649658,1092.642822,1076.297729,1086.550537,1069.85144,6896498
2018-11-16,1087.640259,1119.339722,1086.798218,1116.813721,1099.649414,11136460
2018-11-19,1122.262085,1140.885498,1120.379883,1139.201538,1121.693115,7378262
2018-11-20,1134.248413,1145.046143,1119.389282,1126.719849,1109.40332,5774119
2018-11-21,1126.818848,1134.743774,1096.654785,1102.449829,1085.506226,7578978
2018-11-22,1104.034912,1114.782959,1089.77002,1092.494263,1075.703857,5847475
2018-11-26,1098.586548,1107.006714,1087.095459,1099.329468,1082.434082,6447094
2018-11-27,1097.496826,1119.389282,1095.069824,1117.606201,1100.429688,6874782
2018-11-28,1121.816284,1146.878784,1115.723999,1141.82666,1124.277954,8079833
2018-11-29,1150.098267,1168.820801,1149.107666,1157.527832,1139.737915,12755947
2018-11-30,1161.292114,1174.863525,1151.385986,1156.58667,1138.811157,10819038
2018-12-03,1163.867676,1163.867676,1137.715576,1145.590942,1127.984375,5622372
2018-12-04,1147.126343,1147.126343,1131.474731,1141.479858,1123.936523,5242047
2018-12-05,1133.010254,1147.918823,1128.601929,1144.303101,1126.716431,5874782
2018-12-06,1138.210938,1138.210938,1107.749634,1113.098877,1095.991699,5921712
2018-12-07,1118.844482,1126.274048,1097.942627,1123.153687,1105.89209,7282460
2018-12-10,1099.577148,1103.836792,1072.929688,1080.012573,1063.414063,9470471
2018-12-11,1055.990234,1091.751343,1045.093506,1087.244019,1070.534302,13622580
2018-12-12,1088.68042,1103.044189,1077.536011,1100.072388,1083.165405,12724917
2018-12-13,1117.408081,1117.408081,1084.767456,1096.654785,1079.800171,9385649
2018-12-14,1092.741943,1104.431152,1081.547974,1101.75647,1084.823608,7289774
2018-12-17,1105.471191,1122.361084,1101.062988,1119.290283,1102.088013,5112362
2018-12-18,1112.752197,1128.30481,1109.978516,1125.729248,1108.427979,5926578
2018-12-19,1130.781372,1136.526855,1122.559204,1126.125488,1108.818115,7438647
2018-12-20,1110.473877,1121.865845,1105.669312,1117.853882,1100.673584,5819374
2018-12-21,1114.436279,1120.627563,1085.708618,1089.869141,1073.118896,8360445
2018-12-24,1090.5625,1092.840942,1076.34729,1078.922852,1062.34082,4183821
2018-12-26,1075.60437,1089.671021,1055.643555,1088.036499,1071.314453,7278403
2018-12-27,1096.803345,1116.41748,1093.633423,1109.681274,1092.626465,12596278
2018-12-28,1114.931519,1124.589966,1110.671997,1114.981079,1097.844971,7738682
2018-12-31,1120.330444,1123.203125,1105.718872,1110.721436,1093.650879,7291282
2019-01-01,1114.68396,1116.714722,1099.676147,1110.473877,1093.407104,4498087
2019-01-02,1104.034912,1116.41748,1090.661621,1096.010864,1079.16626,7212697
2019-01-03,1097.100586,1104.133911,1079.864014,1082.489136,1065.852417,7517041
2019-01-04,1087.095459,1094.079224,1070.948486,1088.33374,1071.607178,8545382
2019-01-07,1096.605225,1107.947754,1090.661621,1094.376465,1077.557007,5565822
2019-01-08,1094.723145,1099.527588,1085.708618,1094.277344,1077.459351,5678473
2019-01-09,1101.55835,1106.511353,1088.383179,1100.320068,1083.409302,5821468
2019-01-10,1097.348267,1100.567749,1092.642822,1097.100586,1080.239258,4118960
2019-01-11,1097.199585,1103.341431,1078.378052,1087.739258,1071.021851,6525174
2019-01-14,1084.718018,1090.16626,1076.19873,1086.501099,1069.802734,4150757
2019-01-15,1094.624023,1121.370483,1094.624023,1119.042603,1101.843994,10158260
2019-01-16,1124.342407,1134.248413,1119.735962,1125.233887,1107.940308,6443279
2019-01-17,1133.703613,1137.121216,1119.389282,1123.797485,1106.525879,7558941
2019-01-18,1138.012817,1178.726807,1124.589966,1173.229004,1155.197632,25927601
2019-01-21,1182.78833,1228.306885,1177.488525,1226.078003,1207.234375,22247437
2019-01-22,1221.27356,1235.241089,1208.147949,1223.552002,1204.747192,16709723
2019-01-23,1221.71936,1232.516968,1210.525391,1214.785034,1196.115112,8913196
2019-01-24,1213.497314,1241.432495,1208.643311,1235.73645,1216.744385,13279882
2019-01-25,1238.708252,1252.824463,1223.799561,1234.300049,1215.3302,8631889
2019-01-28,1238.757813,1244.156616,1210.921631,1218.004517,1199.285034,8650493
2019-01-29,1219.440918,1220.084839,1190.069336,1199.281982,1180.850342,9417294
2019-01-30,1203.591187,1213.497314,1179.915527,1184.472412,1166.268311,7921321
2019-01-31,1190.713257,1218.153076,1189.722656,1215.627075,1196.944092,10281893
2019-02-01,1222.41272,1243.215576,1215.527954,1238.213013,1219.182983,9316446
2019-02-04,1235.290649,1284.771606,1230.387207,1278.778442,1259.124878,11781195
2019-02-05,1279.868164,1292.151733,1266.593994,1279.422363,1259.758911,9451152
2019-02-06,1284.078247,1305.277222,1282.097046,1297.946777,1277.998657,9500797
2019-02-07,1297.946777,1308.793945,1274.02356,1278.283203,1258.637207,9299549
2019-02-08,1272.735718,1288.28833,1260.303589,1265.702393,1246.25,6567167
2019-02-11,1263.919312,1264.018311,1239.253174,1241.481934,1222.401733,7595318
2019-02-12,1239.748413,1260.402588,1239.748413,1244.602417,1225.474121,6460145
2019-02-14,1229.347046,1229.347046,1206.562988,1212.704712,1194.06665,6690180
2019-02-15,1218.202637,1238.163452,1202.600586,1232.764648,1213.818359,9688940
2019-02-18,1238.262451,1240.739014,1203.591187,1208.643311,1190.067749,9740480
2019-02-19,1206.562988,1228.059204,1199.826782,1204.680786,1186.166138,6303377
2019-02-20,1212.358032,1228.356445,1207.553589,1222.759521,1203.967041,6357879
2019-02-21,1224.393921,1245.989258,1217.806396,1235.19165,1216.20813,10680467
2019-02-22,1232.913208,1233.606689,1214.487915,1220.778198,1202.016113,8838861
2019-02-25,1224.393921,1231.328247,1209.18811,1220.72876,1201.967407,7926962
2019-02-26,1198.142822,1223.2052,1194.675659,1208.79187,1190.213989,10227082
2019-02-27,1216.518677,1233.210449,1197.647461,1212.011353,1193.384033,11218523
2019-02-28,1222.165039,1228.207764,1215.032715,1219.490479,1200.748047,11393904
2019-03-01,1225.384521,1230.684326,1210.773071,1214.537354,1195.871338,7997610
2019-03-05,1211.912231,1228.158325,1207.157349,1226.028442,1207.185669,7189013
2019-03-06,1228.158325,1261.14563,1223.502441,1252.923584,1233.66748,12152341
2019-03-07,1252.131104,1267.782715,1246.335938,1258.322388,1238.983276,8186126
2019-03-08,1254.161743,1262.48291,1250.14978,1255.201904,1235.910767,6097305
2019-03-11,1258.124268,1299.680298,1256.093506,1291.854492,1272,9810964
2019-03-12,1304.534302,1321.473755,1301.90918,1318.848633,1298.579346,11335173
2019-03-13,1324.445557,1347.229614,1315.62915,1334.648804,1314.136597,11342554
2019-03-14,1337.075806,1349.210815,1323.554077,1328.952881,1308.528198,10500649
2019-03-15,1332.370483,1346.040894,1298.887817,1309.239746,1289.118042,16043743
2019-03-18,1318.501953,1345.198853,1316.520752,1337.373047,1316.819092,10201021
2019-03-19,1347.229614,1367.04187,1330.488281,1363.624146,1342.666748,9898262
2019-03-20,1364.862427,1374.966675,1351.192017,1362.534546,1341.59375,9986597
2019-03-22,1359.612183,1367.93335,1324.148438,1329.151001,1308.723267,11573789
2019-03-25,1318.105713,1324.296997,1304.336182,1312.013428,1291.849243,8027368
2019-03-26,1317.808472,1358.720703,1317.511353,1354.411499,1333.595581,9569142
2019-03-27,1365.011108,1365.011108,1331.627441,1336.580566,1316.038696,10189856
2019-03-28,1337.571167,1356.937622,1330.191162,1347.229614,1326.524048,10582305
2019-04-01,1357.135742,1393.59021,1349.755615,1378.780518,1357.590088,10194002
2019-04-02,1384.872803,1389.924927,1367.140869,1376.650757,1355.493042,8088587
2019-04-03,1379.672119,1389.825806,1359.116943,1362.286865,1341.350098,7923866
2019-04-04,1366.051147,1370.707031,1334.599365,1340.344849,1319.745117,8455067
2019-04-05,1348.170654,1351.093018,1330.389282,1341.18689,1320.574097,6792015
2019-04-08,1343.267212,1344.753052,1311.270508,1316.768311,1296.530884,8806267
2019-04-09,1316.421631,1328.11084,1308.595825,1321.919556,1301.603027,9587648
2019-04-10,1325.386719,1335.342285,1314.044189,1318.898193,1298.628052,7684871
2019-04-11,1320.433594,1340.295288,1316.520752,1334.153564,1313.649048,5795755
2019-04-12,1337.323486,1344.158691,1324.098877,1330.488281,1310.040039,5975855
2019-04-15,1332.370483,1336.283325,1322.464355,1327.56604,1307.16272,4285366
2019-04-16,1332.370483,1347.229614,1327.417358,1331.132202,1310.674194,8011783
2019-04-18,1362.088745,1376.700317,1352.182617,1372.935913,1351.835327,18130729
2019-04-22,1347.229614,1354.16394,1328.7052,1332.717163,1312.234741,10895052
2019-04-23,1335.342285,1360.107544,1333.361084,1351.043457,1330.279297,9141135
2019-04-24,1357.432861,1381.702881,1353.420898,1376.452637,1355.297974,7430660
2019-04-25,1376.056396,1399.137573,1349.805176,1359.513184,1338.618896,14061860
2019-04-26,1362.088745,1382.842041,1357.829102,1379.721558,1358.516724,6954749
2019-04-30,1383.287842,1383.287842,1353.965698,1379.721558,1358.516724,10313866
2019-05-02,1378.929077,1400.623535,1369.12207,1391.856567,1370.465088,8764806
2019-05-03,1394.72937,1404.189697,1389.479126,1395.62085,1374.171631,6571878
2019-05-06,1384.872803,1389.627686,1365.159668,1371.895752,1350.811157,7306518
2019-05-07,1381.702881,1381.901001,1327.615479,1330.884521,1310.430298,8961240
2019-05-08,1327.417358,1327.417358,1280.066284,1287.248169,1267.464478,14749036
2019-05-09,1276.69812,1276.69812,1239.996094,1244.651978,1225.522949,19692278
2019-05-10,1253.121704,1265.702393,1233.309448,1239.401733,1220.353394,11333250
2019-05-13,1236.182251,1248.96106,1215.973755,1220.481079,1201.723633,8124086
2019-05-14,1224.889282,1257.430786,1219.936279,1248.61438,1229.424438,13124240
2019-05-15,1261.046509,1265.999634,1238.856934,1245.097778,1225.961914,11269622
2019-05-16,1248.119019,1259.956909,1246.286499,1253.468384,1234.203857,6669276
2019-05-17,1255.102905,1264.959473,1240.243774,1255.499146,1236.203369,7973309
2019-05-20,1301.265259,1325.139038,1291.260132,1313.449829,1293.263428,12450850
2019-05-21,1319.690674,1354.16394,1317.560791,1327.219238,1306.821289,14003548
2019-05-22,1333.014404,1346.932373,1322.563477,1327.813599,1307.406494,11394393
2019-05-23,1359.116943,1378.929077,1312.558228,1321.374634,1301.066528,17890505
2019-05-24,1335.342285,1341.087769,1304.138062,1324.296997,1303.94397,10277262
2019-05-27,1324.544678,1324.940918,1294.727295,1298.343018,1278.388794,7419387
2019-05-28,1307.407104,1322.266235,1301.0177,1311.319946,1291.166382,19657240
2019-05-29,1308.595825,1320.780273,1291.904053,1300.720459,1280.729736,7180252
2019-05-30,1303.890381,1329.398682,1303.890381,1317.263672,1297.018677,10842653
2019-05-31,1325.337158,1329.299561,1307.803345,1317.659912,1297.408813,11871652
2019-06-03,1322.464355,1354.411499,1308.793945,1347.427734,1326.719238,8564026
2019-06-04,1344.703613,1361.345825,1335.441406,1338.958008,1318.379517,7126831
2019-06-06,1349.111816,1349.111816,1308.694824,1314.88623,1294.677734,7736969
2019-06-07,1313.49939,1314.787109,1293.340454,1302.553101,1282.53418,6794394
2019-06-10,1308.496704,1314.539429,1297.798218,1306.763184,1286.679565,5431146
2019-06-11,1309.437866,1321.968994,1305.624023,1316.669312,1296.433472,5303590
2019-06-12,1322.167236,1325.832397,1312.558228,1319.641113,1299.359619,4752340
2019-06-13,1317.511353,1322.167236,1296.361816,1314.787109,1294.580322,7239164
2019-06-14,1309.487427,1312.558228,1297.104736,1305.178223,1285.119019,6896085
2019-06-17,1307.605225,1307.605225,1266.494873,1270.259155,1250.736694,6880158
2019-06-18,1266.891113,1275.856201,1257.183105,1268.971436,1249.468628,7751984
2019-06-19,1274.81604,1289.77417,1250.744141,1265.355713,1245.908569,6688408
2019-06-20,1267.980835,1287.792969,1265.999634,1284.573486,1264.830933,4960591
2019-06-21,1283.781006,1283.830566,1263.572632,1267.485474,1248.005615,10723794
2019-06-24,1260.204468,1264.464111,1245.295898,1250.546021,1231.326416,5199824
2019-06-25,1247.078979,1285.811768,1242.472656,1283.682007,1263.953125,6907221
2019-06-26,1278.877563,1292.349854,1274.27124,1281.997925,1262.294922,5350180
2019-06-27,1281.007324,1284.722168,1259.065308,1262.185791,1242.787231,11493899
2019-06-28,1265.108032,1270.804077,1236.925171,1241.333374,1222.255371,8741806
2019-07-01,1246.236938,1260.699829,1234.74585,1256.935547,1237.617676,6220490
2019-07-02,1261.987671,1268.971436,1251.437622,1266.494873,1247.030151,4682721
2019-07-03,1270.853638,1274.4198,1263.077271,1270.506836,1250.980469,4064194
2019-07-04,1269.367676,1278.877563,1267.980835,1271.943237,1252.394775,4315672
2019-07-05,1273.032959,1278.382202,1248.168579,1251.487183,1232.253174,5042694
2019-07-08,1246.187378,1256.192505,1236.47937,1240.293213,1221.231201,6465252
2019-07-09,1237.222412,1271.447998,1233.80481,1268.079834,1248.59082,8092747
2019-07-10,1268.030396,1277.243042,1256.786865,1266.841553,1247.371582,5546395
2019-07-11,1274.915039,1277.688843,1267.287354,1269.516235,1250.005127,3972764
2019-07-12,1270.952637,1287.792969,1266.049072,1268.476074,1248.980835,7242056
2019-07-15,1272.933838,1277.391602,1258.421387,1264.117432,1244.689331,4919356
2019-07-16,1267.931274,1282.740845,1265.058472,1280.858765,1261.17334,4647660
2019-07-17,1282.146484,1284.821167,1267.980835,1269.813477,1250.297729,4376049
2019-07-18,1269.962036,1274.320679,1246.187378,1250.001221,1230.790039,5511650
2019-07-19,1256.291626,1260.996948,1231.031006,1237.271851,1218.256226,7539309
2019-07-22,1239.253174,1272.438599,1215.775635,1268.476074,1248.980835,13426225
2019-07-23,1272.933838,1281.750244,1248.564819,1261.591431,1242.202148,9375991
2019-07-24,1261.54187,1266.792114,1241.779175,1247.2771,1228.107788,7009804
2019-07-25,1252.131104,1257.133667,1215.478516,1219.936279,1201.187134,10063036
2019-07-26,1219.936279,1230.832886,1198.638062,1202.402466,1183.922852,9408829
2019-07-29,1205.473267,1210.525391,1193.78418,1199.579224,1181.143066,8134417
2019-07-30,1202.551025,1208.544189,1164.907837,1169.811401,1151.832642,9623710
2019-07-31,1164.709717,1173.872803,1151.485107,1155.29895,1137.543213,9797618
2019-08-01,1152.475708,1177.042847,1139.548218,1169.16748,1151.198486,10442920
2019-08-02,1164.660156,1186.998413,1151.187866,1173.229004,1161.594849,10968377
2019-08-05,1156.04187,1156.04187,1117.408081,1132.613892,1121.382568,14029195
2019-08-06,1124.094727,1138.805298,1111.464478,1117.705322,1106.621826,13414874
2019-08-07,1115.922119,1127.859009,1092.741943,1098.982788,1088.084961,11698729
2019-08-08,1097.942627,1147.126343,1085.015137,1141.529419,1130.209717,14398134
2019-08-09,1150.940186,1164.462036,1141.479858,1151.187866,1139.772339,10139155
2019-08-13,1221.570679,1290.566772,1214.487915,1262.780151,1250.258057,48377710
2019-08-14,1291.755493,1292.201172,1268.327515,1276.15332,1263.498657,14624460
2019-08-16,1279.075684,1279.670044,1261.046509,1265.999634,1253.445557,10142736
2019-08-19,1269.020996,1284.623047,1267.980835,1280.462524,1267.765259,7530571
2019-08-20,1277.688843,1280.462524,1260.650269,1263.968872,1251.435059,6908329
2019-08-21,1263.671631,1266.643433,1254.607544,1259.015747,1246.531006,4927825
2019-08-22,1259.015747,1259.065308,1227.266724,1235.042969,1222.795898,6475744
2019-08-23,1227.365845,1271.943237,1214.983154,1263.869751,1251.336914,9833599
2019-08-26,1281.849365,1281.849365,1247.177979,1254.904785,1242.460693,8861952
2019-08-27,1272.933838,1272.933838,1249.3573,1262.87915,1250.356079,13107475
2019-08-28,1261.789551,1268.971436,1244.255737,1251.437622,1239.027954,5355931
2019-08-29,1244.651978,1248.41626,1223.700562,1230.089966,1217.89209,8717834
2019-08-30,1233.80481,1242.621216,1209.53479,1236.826172,1224.561523,11415309
2019-09-03,1230.585327,1231.328247,1188.732056,1195.071899,1183.221313,8644177
2019-09-04,1189.276855,1193.932739,1174.912964,1189.871216,1178.072021,15206140
2019-09-05,1195.46814,1201.808105,1182.094971,1187.345215,1175.571167,10612413
2019-09-06,1191.703857,1217.459717,1184.026611,1211.020752,1199.011841,10700713
2019-09-09,1209.18811,1221.422119,1201.758545,1210.723511,1198.717529,5421667
2019-09-11,1211.020752,1228.356445,1211.020752,1222.80896,1210.683228,5597024
2019-09-12,1223.40332,1228.802124,1194.37854,1198.984863,1187.095337,5482620
2019-09-13,1200.619385,1216.964355,1195.567261,1214.091675,1202.052368,5975368
2019-09-16,1177.835327,1207.65271,1174.962524,1199.381104,1187.487671,9482774
2019-09-17,1199.628662,1199.628662,1182.293091,1186.205933,1174.443115,7218213
2019-09-18,1193.635498,1204.878906,1185.958252,1194.37854,1182.53479,6891996
2019-09-19,1196.508301,1198.340942,1161.638794,1167.97876,1156.396729,6353109
2019-09-20,1176.795166,1257.975708,1163.273315,1242.571655,1230.249878,22228398
2019-09-23,1262.185791,1268.971436,1223.40332,1227.563965,1215.391113,9973401
2019-09-24,1231.922607,1286.604248,1231.080566,1266.692993,1254.13208,16133561
2019-09-25,1271.943237,1282.839966,1256.935547,1267.535034,1254.965942,8395729
2019-09-26,1279.868164,1286.604248,1271.447998,1284.623047,1271.884277,8468733
2019-09-27,1280.363403,1302.6521,1271.943237,1296.758057,1283.899048,8795570
2019-09-30,1297.699097,1323.207275,1293.290894,1319.740234,1306.653442,11659226
2019-10-01,1324.445557,1329.398682,1281.155884,1292.646973,1279.828735,8270254
2019-10-03,1273.924438,1302.35498,1269.268555,1298.739258,1285.860596,6241716
2019-10-04,1307.506104,1316.124512,1291.606812,1295.816895,1282.967163,6918922
2019-10-07,1295.816895,1308.397705,1289.477051,1297.798218,1284.928833,4643419
2019-10-09,1296.411377,1317.461792,1280.363403,1312.310547,1299.297363,8117158
2019-10-10,1312.558228,1356.145142,1308.595825,1349.953735,1336.567139,16155443
2019-10-11,1350.894897,1352.776978,1323.999756,1339.899048,1326.612305,7659571
2019-10-14,1352.133179,1352.133179,1338.165527,1345.248413,1331.908569,6181455
2019-10-15,1349.706177,1357.135742,1341.58313,1351.340698,1337.94043,4463991
2019-10-16,1357.036621,1366.695068,1350.894897,1359.463623,1345.982788,8954786
2019-10-17,1362.088745,1385.863403,1359.116943,1383.386841,1369.668823,7401968
2019-10-18,1390.816406,1414.492065,1385.566162,1403.050537,1389.137451,12978275
2019-10-22,1411.619263,1423.358032,1390.172607,1400.871094,1386.979736,12823466
2019-10-23,1403.000977,1412.560303,1370.162231,1379.325317,1365.647583,8512900
2019-10-24,1387.844604,1427.865234,1373.530273,1422.961792,1408.851318,10449504
2019-10-25,1427.568115,1427.914795,1397.998413,1417.760986,1403.702026,6248688
2019-10-27,1427.468994,1431.431519,1416.572266,1420.782349,1406.693359,1391348
2019-10-29,1431.926758,1466.102783,1428.558716,1453.274414,1438.863403,11892161
2019-10-30,1466.102783,1470.610107,1446.587769,1465.211304,1450.681885,7541537
2019-10-31,1470.065308,1475.662231,1447.974609,1450.599731,1436.215088,8982513
2019-11-01,1441.337524,1448.07373,1427.468994,1443.219727,1428.908325,6416833
2019-11-04,1452.135254,1457.187378,1431.530518,1443.962646,1429.643921,6490272
2019-11-05,1449.36145,1455.156616,1427.468994,1433.709839,1419.492798,5854289
2019-11-06,1429.153076,1432.867798,1415.086426,1421.42627,1407.331055,6749668
2019-11-07,1421.525391,1449.262451,1418.751709,1444.903809,1430.575806,6499781
2019-11-08,1435.393921,1445.943848,1427.766235,1431.926758,1417.727417,5546929
2019-11-11,1425.586914,1430.688477,1409.192261,1414.392944,1400.367432,5241641
2019-11-13,1416.572266,1462.04126,1416.572266,1458.475098,1444.012451,11641679
2019-11-14,1462.140381,1467.687744,1442.130005,1449.014771,1434.645996,6580126
2019-11-15,1451.887573,1472.838989,1449.411011,1457.038696,1442.590332,7241673
2019-11-18,1458.821777,1472.046509,1441.733765,1445.498169,1431.164063,6496095
2019-11-19,1453.224854,1500.675049,1451.243652,1495.573486,1480.74292,13926337
2019-11-20,1540.44812,1557.635132,1528.709351,1533.117554,1517.914673,20092835
2019-11-21,1530.492432,1541.38916,1514.196899,1523.161987,1508.057983,6875134
2019-11-22,1527.619751,1554.762451,1523.161987,1531.978394,1516.786865,10315843
2019-11-25,1536.584717,1550.106567,1536.436157,1546.887085,1531.547729,6989948
2019-11-26,1553.37561,1561.548096,1541.38916,1545.599243,1530.272705,16305243
2019-11-27,1545.302124,1560.706055,1541.488281,1555.109131,1539.688232,4450122
2019-11-28,1557.882813,1569.274902,1549.264526,1565.460938,1549.937378,6344459
2019-11-29,1567.095459,1567.095459,1533.315674,1536.584717,1521.347534,8565249
2019-12-02,1584.975952,1599.290283,1562.192017,1571.602783,1556.018433,14410500
2019-12-03,1577.794067,1579.032349,1557.833252,1564.074097,1548.564453,5995079
2019-12-04,1558.229492,1562.687256,1519.348145,1538.120117,1522.867798,9685777
2019-12-05,1559.220093,1564.916138,1529.501831,1536.287476,1521.053345,9203442
2019-12-06,1538.417358,1553.276489,1526.629028,1540.299561,1525.025513,6038833
2019-12-09,1541.53772,1562.588257,1531.978394,1557.833252,1542.385254,5834593
2019-12-10,1557.288452,1558.823853,1539.556519,1547.283325,1531.940186,4694991
2019-12-11,1540.99292,1559.715454,1536.039917,1547.729126,1532.38147,5706279
2019-12-12,1555.505371,1559.071533,1542.033081,1553.474609,1538.069824,4765727
2019-12-13,1565.163818,1575.069946,1557.635132,1568.036621,1552.487427,5846419
2019-12-16,1577.051147,1578.93335,1549.660767,1551.889648,1536.500732,5488487
2019-12-17,1552.038208,1564.173218,1540.943359,1548.026245,1532.675537,9379800
2019-12-18,1548.323486,1565.163818,1547.332886,1561.052734,1545.572876,6803466
2019-12-19,1558.922974,1599.736084,1557.040771,1594.832642,1579.017822,9464354
2019-12-20,1599.835205,1602.361206,1581.112671,1584.084473,1568.376221,9816798
2019-12-23,1545.450684,1562.736816,1543.172241,1556.644531,1541.208374,11587233
2019-12-24,1554.168091,1557.288452,1528.015991,1531.928833,1516.737793,8329356
2019-12-26,1527.17395,1538.367798,1495.969727,1501.17041,1486.284302,13734705
2019-12-27,1512.661499,1531.681152,1507.015015,1527.86731,1512.716553,8158196
2019-12-30,1531.433594,1533.117554,1513.70166,1529.699951,1514.531006,7902607
2019-12-31,1527.52063,1529.204712,1493.889404,1499.83313,1484.960327,10246683
2020-01-01,1503.745972,1512.760498,1491.363403,1495.424927,1480.595947,6463060
2020-01-02,1497.802368,1526.480469,1497.802368,1520.883545,1505.802124,8173308
2020-01-03,1518.605103,1527.17395,1508.699097,1522.716187,1507.616577,9684434
2020-01-06,1505.727173,1513.552979,1483.933838,1487.400879,1472.651367,11315596
2020-01-07,1504.736572,1520.091064,1499.288208,1510.284058,1495.307617,7699489
2020-01-08,1500.77417,1520.041504,1495.821167,1498.941528,1484.077637,7406104
2020-01-09,1524.152588,1535.445557,1516.871582,1533.464233,1518.257935,6914533
2020-01-10,1537.327637,1543.320801,1525.192749,1533.117554,1517.914673,5758760
2020-01-13,1530.541992,1544.063843,1523.954468,1529.204712,1514.040649,8437316
2020-01-14,1525.539429,1535.445557,1507.559814,1515.03894,1500.015381,7299328
2020-01-15,1521.428345,1525.440308,1503.993652,1509.541016,1494.572021,7299939
2020-01-16,1514.6427,1528.85791,1513.6521,1523.459106,1508.351929,5929338
2020-01-17,1538.912598,1570.067383,1538.615479,1566.154419,1550.624023,13597387
2020-01-20,1593.891479,1593.891479,1512.067139,1517.961304,1502.908813,15019904
2020-01-21,1514.24646,1531.334473,1507.708374,1519.496704,1504.429077,8732832
2020-01-22,1529.501831,1532.226074,1516.723022,1518.951904,1503.889526,4763978
2020-01-23,1522.072266,1527.471069,1506.420654,1512.512939,1497.514526,5190829
2020-01-24,1512.661499,1521.923706,1504.290771,1507.262695,1492.316284,6751025
2020-01-27,1500.675049,1510.135376,1490.868042,1492.403564,1477.604492,6178444
2020-01-28,1494.434204,1495.821167,1449.856812,1457.930298,1443.473145,11321622
2020-01-29,1460.20874,1480.367554,1450.302612,1465.954224,1451.417358,11420535
2020-01-30,1465.112183,1465.805664,1426.478394,1430.193237,1416.011108,10338837
2020-01-31,1439.356323,1439.604004,1393.98645,1398.394653,1384.52771,16037262
2020-02-03,1357.036621,1386.804443,1350.250977,1372.490112,1358.880127,14173717
2020-02-04,1386.854004,1419.048828,1384.674683,1413.006104,1398.994263,11714666
2020-02-05,1421.42627,1439.158203,1416.869507,1434.89856,1420.669678,8524871
2020-02-06,1440.446045,1453.224854,1426.577515,1444.111328,1429.79126,7171051
2020-02-07,1437.375122,1438.712402,1414.888306,1420.187988,1406.105103,5634549
2020-02-10,1414.591064,1431.926758,1397.205933,1422.119751,1408.017578,6988250
2020-02-11,1433.80896,1452.432373,1431.480957,1439.108643,1424.838135,6460912
2020-02-12,1442.476807,1461.001221,1441.337524,1456.493896,1442.050903,6245738
2020-02-13,1463.873901,1463.873901,1448.866211,1460.307739,1445.826904,6260549
2020-02-14,1463.378662,1487.35144,1439.455444,1473.63147,1459.018555,9796645
2020-02-17,1475.018311,1492.007202,1460.456299,1464.369263,1449.848145,6068321
2020-02-18,1462.04126,1462.04126,1443.714966,1453.621094,1439.206665,5135183
2020-02-19,1465.458862,1492.304443,1461.248779,1489.679321,1474.907349,6499952
2020-02-20,1482.943237,1493.839844,1469.867188,1471.996948,1457.400269,7795779
2020-02-24,1455.949097,1463.130981,1426.032593,1431.381958,1417.18811,9862350
2020-02-25,1437.771362,1437.771362,1396.760132,1403.099976,1389.186523,12804341
2020-02-26,1396.760132,1399.088013,1374.322754,1378.929077,1365.255127,13550903
2020-02-27,1374.966675,1380.71228,1356.145142,1373.233154,1359.615723,11562875
2020-02-28,1342.17749,1344.257813,1312.558228,1316.17395,1303.122437,18144221
2020-03-02,1342.37561,1356.145142,1288.88269,1303.791382,1290.862671,13614473
2020-03-03,1317.214111,1341.18689,1309.586426,1330.240601,1317.049683,12644541
2020-03-04,1339.304688,1341.087769,1295.618774,1327.120239,1313.960083,10201574
2020-03-05,1339.502808,1345.198853,1293.736694,1298.838257,1285.958618,14080540
2020-03-06,1258.074707,1276.054321,1229.446045,1259.065308,1246.580078,15568253
2020-03-09,1228.405884,1229.347046,1084.718018,1103.68811,1092.743652,40698294
2020-03-11,1097.595947,1167.384399,1097.595947,1142.71814,1131.386719,27495503
2020-03-12,1074.81189,1090.661621,1038.852661,1053.018433,1042.576416,25830369
2020-03-13,988.628784,1129.29541,933.550842,1094.921265,1084.063721,33826739
2020-03-16,1050.591431,1069.561646,995.563049,1006.162598,996.185181,17759556
2020-03-17,1037.416382,1050.046631,993.779968,998.534912,988.633118,20973312
2020-03-18,1015.672424,1026.172852,951.976196,959.405762,949.892029,20643079
2020-03-19,911.460266,957.919861,883.822266,909.082825,900.068115,28337941
2020-03-20,930.678101,1025.182251,921.267334,1008.391479,998.392029,29240849
2020-03-23,907.596863,941.079529,867.427673,875.748779,867.064575,18769636
2020-03-24,921.267334,960.891724,887.388428,934.541504,925.274353,21106643
2020-03-25,954.749939,1140.736938,954.205078,1072.087646,1061.456543,33749620
2020-03-26,1085.510498,1106.412354,1032.562378,1056.188354,1045.714844,21111073
2020-03-27,1084.718018,1096.902466,1036.376221,1055.593994,1045.126465,19225132
2020-03-30,1030.828735,1064.707642,1010.42218,1020.774109,1010.651855,13951078
2020-03-31,1063.865601,1119.191162,1038.159302,1103.29187,1092.351318,20441125
2020-04-01,1111.712036,1114.040039,1035.38562,1070.304565,1059.69104,19197220
2020-04-03,1123.797485,1123.797485,1046.381348,1067.332764,1056.748657,19091236
2020-04-07,1091.751343,1202.600586,1089.671021,1194.77478,1182.927124,25093419
2020-04-08,1168.9198,1217.459717,1149.107666,1180.955688,1169.244995,23019764
2020-04-09,1202.600586,1221.223999,1181.797729,1208.494629,1196.510742,15244658
2020-04-13,1192.644897,1203.591187,1168.9198,1177.983887,1166.302734,10925447
2020-04-15,1185.809692,1224.393921,1132.267212,1139.052856,1127.75769,16301024
2020-04-16,1139.052856,1176.299805,1134.248413,1157.082031,1145.608154,17285802
2020-04-17,1204.581787,1218.450317,1181.45105,1212.506592,1200.483154,15353792
2020-04-20,1214.487915,1245.196777,1190.713257,1232.120728,1219.90271,16628269
2020-04-21,1198.638062,1240.243774,1153.070068,1225.731323,1213.57666,28322996
2020-04-22,1307.605225,1371.895752,1287.792969,1350.795776,1337.400879,65848350
2020-04-23,1354.51062,1372.836914,1340.592529,1358.027222,1344.560669,30211857
2020-04-24,1337.472046,1480.912476,1334.549805,1403.694336,1389.774902,62296159
2020-04-27,1420.53479,1461.14978,1409.638062,1416.324707,1402.280151,26989849
2020-04-28,1436.384521,1441.783325,1379.077759,1414.739624,1400.710693,36206232
2020-04-29,1431.332397,1440.000244,1406.66626,1413.550903,1399.533691,17303785
2020-04-30,1440.297363,1480.912476,1424.546753,1452.234253,1437.833618,32926121
2020-05-04,1426.478394,1451.243652,1404.140137,1421.723511,1407.625366,24670336
2020-05-05,1440.049805,1465.112183,1433.61084,1446.934448,1432.586182,20723079
2020-05-06,1450.253052,1471.006348,1431.926758,1447.033569,1432.684326,18685710
2020-05-07,1441.337524,1499.43689,1431.431519,1492.799805,1477.996704,23087436
2020-05-08,1530.492432,1565.064697,1522.666626,1547.134766,1531.792969,38887255
2020-05-11,1565.163818,1599.835205,1557.536133,1561.993896,1546.504761,30959745
2020-05-12,1550.106567,1553.623169,1451.243652,1465.359863,1450.828979,46465281
2020-05-13,1527,1527,1454,1496.449951,1481.61084,30657492
2020-05-14,1469,1496.699951,1430.050049,1435.949951,1421.710693,22736607
2020-05-15,1444,1466.699951,1415.099976,1459.400024,1444.928345,28683258
2020-05-18,1470,1482,1428,1440.75,1426.463013,28980385
2020-05-19,1457,1461.699951,1403.25,1408.900024,1394.928955,19528760
2020-05-20,1410,1446.849976,1393,1433.699951,1419.483032,25530626
2020-05-21,1435,1461.449951,1425,1441.25,1426.95813,18076017
2020-05-22,1451.800049,1458,1426.5,1431.550049,1417.35437,17458065
2020-05-26,1448.150024,1449.699951,1416.300049,1424.050049,1409.928833,15329472
2020-05-27,1431,1454,1412,1445.550049,1431.215576,16460756
2020-05-28,1455,1479.75,1449,1472.25,1457.650757,18518271
2020-05-29,1468,1472,1452.650024,1464.400024,1449.878662,18470390
2020-06-01,1480,1538.349976,1475.949951,1520.349976,1505.273682,18434012
2020-06-02,1526,1540,1520.800049,1535.699951,1520.471436,10224049
2020-06-03,1545,1560,1533.349976,1541.650024,1526.362671,11713461
2020-06-04,1544,1589.5,1541,1579.800049,1564.134277,15784379
2020-06-05,1595,1618,1573.699951,1581.699951,1566.015381,15264885
2020-06-08,1618.400024,1618.400024,1565,1569.5,1553.936401,14497996
2020-06-09,1560.300049,1583,1533,1537.150024,1521.907227,11933076
2020-06-10,1543.099976,1579.550049,1540.050049,1572.150024,1556.560181,10214213
2020-06-11,1566,1567.949951,1531,1537.699951,1522.45166,9408046
2020-06-12,1500,1593,1497,1588.800049,1573.045044,17790311
2020-06-15,1565,1626.949951,1561.099976,1614.550049,1598.539673,24509058
2020-06-16,1643,1648.550049,1585.300049,1617.699951,1601.658325,23622794
2020-06-17,1608.25,1635.449951,1602.099976,1615.349976,1599.331787,19282411
2020-06-18,1607,1665,1605.599976,1655.900024,1639.479736,18677617
2020-06-19,1670,1788.800049,1662,1759.400024,1741.953369,48828609
2020-06-22,1773.400024,1804.199951,1735,1746.150024,1728.834717,27781693
2020-06-23,1750,1763.75,1716.099976,1720.900024,1703.835083,17519493
2020-06-24,1735.900024,1772.699951,1711.699951,1727.849976,1710.716064,23807033
2020-06-25,1727,1749,1713.050049,1717.900024,1700.864868,18312025
2020-06-26,1728.800049,1752,1717,1741.650024,1724.379272,14270458
2020-06-29,1728.050049,1739.75,1715.550049,1723.150024,1706.062744,11824524
2020-06-30,1737,1741,1695.550049,1704.099976,1687.201538,13972563
2020-07-01,1720,1749,1708.050049,1737.599976,1720.369507,13136179
2020-07-02,1743,1767.599976,1735.050049,1760.349976,1749.43811,13286365
2020-07-03,1779.800049,1793,1768,1787.900024,1776.817383,13583909
2020-07-06,1805,1858,1792.099976,1851.800049,1840.321411,21697962
2020-07-07,1860,1864.349976,1806.300049,1823.449951,1812.146973,16239990
2020-07-08,1824.050049,1834.949951,1790,1798,1786.854736,12093186
2020-07-09,1809,1835,1786.25,1824.25,1812.942017,16807336
2020-07-10,1828.5,1884.599976,1824.25,1878.050049,1866.408569,20195218
2020-07-13,1903.349976,1947.699951,1900,1935,1923.005615,32124262
2020-07-14,1934,1941.699951,1887.300049,1917,1905.117065,31073305
2020-07-15,1937.949951,1978.800049,1798,1844,1832.56958,64457578
2020-07-16,1847,1869,1812.449951,1843.400024,1831.973389,28133826
2020-07-17,1845,1920,1838,1911.699951,1899.849976,22948894
2020-07-20,1917.800049,1932,1899.650024,1919.900024,1907.999146,16887635
2020-07-21,1939,1977,1936.5,1971.550049,1959.329102,19463004
2020-07-22,1983,2010,1960.699951,2004,1991.577881,27584518
2020-07-23,2003.949951,2079.699951,1991.349976,2057.800049,2045.044556,26921017
2020-07-24,2058,2163,2057.800049,2146.149902,2132.846436,55655668
2020-07-27,2178.800049,2198.800049,2127.899902,2156.199951,2142.834473,37060665
2020-07-28,2156.199951,2194,2150.649902,2177.699951,2164.200928,25435297
2020-07-29,2177.899902,2182.800049,2070.449951,2096.649902,2083.653564,33534147
2020-07-30,2099,2139.699951,2072,2108.850098,2095.778076,33623699
2020-07-31,2114.5,2129,2052.800049,2067.100098,2054.286865,34593133
2020-08-03,2051.300049,2057,2003.099976,2009,1996.546875,21559142
2020-08-04,2020.599976,2167,2000.25,2150.600098,2137.269287,42476932
2020-08-05,2169,2196,2118.300049,2126.449951,2113.268555,34404810
2020-08-06,2157,2167.699951,2107.800049,2134.100098,2120.871338,22762545
2020-08-07,2129.800049,2157.800049,2120.199951,2146.449951,2133.14502,15222303
2020-08-10,2159.100098,2165,2108.100098,2119.850098,2106.709961,12441573
2020-08-11,2134.800049,2160,2100.350098,2133.800049,2120.573242,21611256
2020-08-12,2121,2145,2106.800049,2127.600098,2114.411621,13967116
2020-08-13,2128,2138.899902,2110,2122.050049,2108.89624,11459190
2020-08-14,2122.550049,2157,2089.25,2113.800049,2100.697266,15333164
2020-08-17,2105,2105,2070.100098,2091.350098,2078.386475,14296834
2020-08-18,2085,2134.300049,2082.350098,2118.550049,2105.417969,14097746
2020-08-19,2141,2154,2121.350098,2131.550049,2118.337402,15731396
2020-08-20,2120,2123.899902,2088,2097.050049,2084.051025,10401212
2020-08-21,2118,2122,2077,2081.850098,2068.945313,11667129
2020-08-24,2091.399902,2104.5,2070.5,2095.75,2082.759033,15098991
2020-08-25,2106,2111.300049,2078,2082.100098,2069.193848,8947563
2020-08-26,2085,2147.949951,2047,2137.300049,2124.051514,27630190
2020-08-27,2148,2150,2103.25,2110.600098,2097.51709,12961252
2020-08-28,2120,2132.899902,2106.25,2116.149902,2103.032471,12537520
2020-08-31,2174,2174,2060.350098,2080.699951,2067.80249,28648125
2020-09-01,2100,2122.399902,2062.399902,2087.25,2074.311768,17821397
2020-09-02,2092,2138,2085,2128.199951,2115.008057,12437162
2020-09-03,2128,2138.75,2103,2112.100098,2099.007813,8577634
2020-09-04,2083.550049,2096.949951,2072.199951,2077.25,2064.373779,13141644
2020-09-07,2084,2105.75,2044.25,2082.649902,2069.740234,10119064
2020-09-08,2092,2121,2080.5,2107.100098,2094.038818,12643749
2020-09-09,2085,2167.800049,2081.449951,2161.350098,2147.952393,25525961
2020-09-10,2183.100098,2344.949951,2175.350098,2314,2299.656494,64750460
2020-09-11,2312,2337.850098,2287.100098,2319.75,2305.370605,27445768
2020-09-14,2325,2360,2282,2302.550049,2288.2771,20335273
2020-09-15,2311.949951,2325.75,2288.149902,2318.850098,2304.476318,12542824
2020-09-16,2320,2369.350098,2310.550049,2324.550049,2310.140869,15668979
2020-09-17,2320,2333.699951,2291.850098,2298.75,2284.500732,11919927
2020-09-18,2314.25,2319.449951,2276.550049,2305.699951,2291.407715,15264068
2020-09-21,2300,2336,2247.350098,2255.850098,2241.866699,15519031
2020-09-22,2277,2277,2201.550049,2211.149902,2197.443604,16056620
2020-09-23,2260,2276.75,2205.300049,2230.800049,2216.971924,19839282
2020-09-24,2207.899902,2226,2176.050049,2181.199951,2167.679443,13764841
2020-09-25,2189,2212.800049,2167.300049,2201.699951,2188.052246,13095028
2020-09-28,2227,2238,2207.050049,2216.25,2202.512207,9076248
2020-09-29,2225,2264,2216.25,2245.050049,2231.133545,11926328
2020-09-30,2260,2267,2225,2234.350098,2220.500244,11290667
2020-10-01,2263.800049,2263.800049,2214,2225.25,2211.456543,9591456
2020-10-05,2244,2249.149902,2206,2212.199951,2198.487305,8732869
2020-10-06,2225.25,2233.899902,2201.649902,2210.350098,2196.648926,8497216
2020-10-07,2235,2309,2220,2257.5,2243.506348,24538346
2020-10-08,2259,2268,2222.100098,2239.25,2225.369629,9727405
2020-10-09,2235,2253,2217.100098,2233.449951,2219.605469,8558745
2020-10-12,2235,2255.75,2226.25,2237.050049,2223.18335,6565515
2020-10-13,2230.600098,2285.75,2225.850098,2280.699951,2266.562744,10666190
2020-10-14,2278.899902,2304,2268.5,2287.5,2273.320557,12341434
2020-10-15,2290,2290,2195,2206.5,2192.82251,9246702
2020-10-16,2215,2232.5,2172.649902,2175.800049,2162.312988,9960828
2020-10-19,2190.050049,2228.699951,2155.149902,2176.199951,2162.710449,14398973
2020-10-20,2179,2193,2152.25,2155.899902,2142.536133,8529573
2020-10-21,2168,2192,2097.75,2124.600098,2111.43042,15728986
2020-10-22,2127.399902,2132.5,2091,2106.949951,2093.889648,14215215
2020-10-23,2106,2135,2096.399902,2113.050049,2099.951904,10809307
2020-10-26,2101.949951,2101.949951,2018.5,2029.099976,2016.522217,17225212
2020-10-27,2034.900024,2059.850098,2005,2034.5,2021.888794,16835005
2020-10-28,2041.800049,2057.699951,2007.400024,2011.449951,1998.981689,13809929
2020-10-29,1997,2042,1991,2026.900024,2014.335938,14147418
2020-10-30,2033.5,2065.100098,2021.800049,2054.5,2041.764771,15700946
2020-11-02,2027,2027,1859.150024,1877.449951,1865.812256,45857806
2020-11-03,1890,1909,1835.099976,1850.400024,1838.930054,40931170
2020-11-04,1837,1929,1837,1913.199951,1901.340698,37003111
2020-11-05,1954.949951,1960.949951,1932,1955,1942.881592,17170274
2020-11-06,1990,2040,1978.150024,2029.150024,2016.572021,30770080
2020-11-09,2062.100098,2069,2036,2050.699951,2037.988403,16539467
2020-11-10,2077,2090,2041.199951,2084.550049,2071.628662,17045147
2020-11-11,2089,2095,1978.099976,1997.199951,1984.819946,26178477
2020-11-12,1981,2008.449951,1965,1980,1967.726563,18481466
2020-11-13,1982,2036.650024,1981.75,1996.400024,1984.025024,20946864
2020-11-14,2014.900024,2015.300049,1995.349976,2002.300049,1989.888428,2411900
2020-11-17,2085,2085,1985,1993.25,1980.894409,21479385
2020-11-18,1993.25,2006.5,1960.099976,1987.199951,1974.881958,14030652
2020-11-19,1987.199951,2010.449951,1968.199951,1973.150024,1960.919189,12828008
2020-11-20,1975,1983.800049,1895,1899.5,1887.725708,26522972
2020-11-23,1951,1970,1926.25,1950.699951,1938.608276,20918665
2020-11-24,1964,1974,1932,1964.050049,1951.875488,14277083
2020-11-25,1980,1992.949951,1942.199951,1947.800049,1935.726318,15062376
2020-11-26,1953.050049,1965,1930.050049,1952.599976,1940.49646,11924527
2020-11-27,1940.5,1956.099976,1921.400024,1929.800049,1917.837891,21845931
2020-12-01,1940.349976,1966.25,1930.050049,1954.900024,1942.782227,9114939
2020-12-02,1958.5,1962,1935,1958.150024,1946.012085,10240168
2020-12-03,1972,1981.099976,1958.650024,1964.050049,1951.875488,12822945
2020-12-04,1969,1969,1940,1946.75,1934.682739,8521388
2020-12-07,1940.599976,1965,1940.599976,1958.199951,1946.061646,8418767
2020-12-08,1961.150024,2014.25,1950,1993.75,1981.391357,20030506
2020-12-09,2009.949951,2033.800049,1999.25,2026.949951,2014.38562,13464375
2020-12-10,2021.599976,2028.5,2001,2007,1994.559204,7414229
2020-12-11,2013,2038,1974.25,2005.800049,1993.366821,12434745
2020-12-14,2007.949951,2015,1986.349976,1991.300049,1978.956543,7989830
2020-12-15,1989.699951,1989.699951,1961.099976,1974.349976,1962.111572,8561406
2020-12-16,1988,1994.949951,1965.699951,1976.550049,1964.298096,8565904
2020-12-17,1984.5,2005,1977.150024,1985.599976,1973.29187,9346460
2020-12-18,1980.099976,2004.900024,1965,1991.550049,1979.205078,8522215
2020-12-21,2010,2022,1855.25,1939.699951,1927.676392,20368545
2020-12-22,1949,1958.900024,1888.449951,1936.699951,1924.694946,12986606
2020-12-23,1930,1951.449951,1920.650024,1943.849976,1931.800659,8999898
2020-12-24,1947,1998.800049,1945.900024,1994.150024,1981.78894,9588577
2020-12-28,2006.699951,2018,1995.300049,2003.300049,1990.882202,7947719
2020-12-29,2009,2012.300049,1982.550049,1990.050049,1977.714355,8589407
2020-12-30,1995.25,2007.199951,1975.550049,1995.5,1983.130493,10173132
2020-12-31,1993.5,2011.900024,1978.599976,1985.300049,1972.993896,8667516
2021-01-01,1988,1997,1982,1987.5,1975.180176,4622002
2021-01-04,1995.099976,1998.900024,1968,1990.849976,1978.509277,11312992
2021-01-05,1969,1983.599976,1956,1966.099976,1953.91272,11132803
2021-01-06,1965.900024,1966,1905.150024,1914.25,1902.384155,21414270
2021-01-07,1920.5,1945,1905.150024,1911.150024,1899.303467,14918406
2021-01-08,1918,1938.400024,1912.099976,1933.699951,1921.713623,12709792
2021-01-11,1938.800049,1938.800049,1892.5,1897.25,1885.489624,15371556
2021-01-12,1903,1960,1899.900024,1957.050049,1944.918823,18996047
2021-01-13,1963.550049,1974.949951,1918.449951,1938.800049,1926.781982,12284876
2021-01-14,1945,1966.900024,1939.050049,1960.599976,1948.446777,9946818
2021-01-15,1960.599976,1973.800049,1920.050049,1937.449951,1925.440308,9503790
2021-01-18,1949.099976,1997,1923.349976,1983.949951,1971.6521,16198856
2021-01-19,1994.650024,2031,1994.650024,2016.400024,2003.901001,14771048
2021-01-20,2021.400024,2058,2001.400024,2054.699951,2041.963623,14271669
2021-01-21,2082,2120,2075,2099.399902,2086.386475,18038987
2021-01-22,2111,2115.350098,2035.150024,2049.600098,2036.895386,14090818
2021-01-25,2034.949951,2034.949951,1932,1941,1928.968384,25016570
2021-01-27,1925,1925,1888,1895,1883.25354,19553809
2021-01-28,1880.150024,1923.300049,1870,1876.550049,1864.917969,15722291
2021-01-29,1894.300049,1913.099976,1830,1841.949951,1830.532349,20173258
2021-02-01,1859.400024,1905,1848,1895.300049,1883.551758,15774504
2021-02-02,1914.25,1940,1854.949951,1925.800049,1913.862671,19138414
2021-02-03,1928.300049,1952,1900,1930.650024,1918.682617,13984228
2021-02-04,1924,1940,1905,1924.300049,1912.371948,11826848
2021-02-05,1930.050049,1944.650024,1920,1923.75,1911.825317,9344470
2021-02-08,1933.050049,1969,1929.050049,1951.449951,1939.353516,9776136
2021-02-09,1961.949951,1989.599976,1952.300049,1956.150024,1944.024536,9047308
2021-02-10,1953.75,1984.75,1927.300049,1974.300049,1962.062012,9799560
2021-02-11,1980,2064.199951,1972.25,2055.699951,2042.957275,19631870
2021-02-12,2055.5,2078,2015.400024,2041.599976,2028.944702,14074374
2021-02-15,2048.050049,2061.300049,2025,2032.599976,2020.00061,7287590
2021-02-16,2039.75,2079.399902,2035,2059.5,2046.733887,9886093
2021-02-17,2060,2095.949951,2050.600098,2083.25,2070.33667,10957388
2021-02-18,2085,2108.399902,2059.100098,2067.699951,2054.883057,8605531
2021-02-19,2057,2104.949951,2053.300049,2080.300049,2067.405029,10800704
2021-02-22,2080,2089.899902,1994.949951,2008.099976,1995.652344,10985697
2021-02-23,2048,2052.899902,2013.599976,2023.449951,2010.907227,11834752
2021-02-24,2030,2065.25,2026.150024,2061,2048.224609,4987735
2021-02-25,2076,2152,2073,2144.350098,2131.057861,16085897
2021-02-26,2117,2133.899902,2070.699951,2085.800049,2072.87085,17297575
2021-03-01,2110.199951,2112,2062.5,2101.699951,2088.672363,8159670
2021-03-02,2122,2130,2089.100098,2106,2092.945557,7915073
2021-03-03,2121.050049,2219.899902,2107.199951,2202.100098,2188.449951,14733134
2021-03-04,2180,2189.949951,2157.699951,2175.850098,2162.362793,9892597
2021-03-05,2156,2211.949951,2153.050049,2178.699951,2165.194824,11773630
2021-03-08,2168.5,2231.899902,2168,2191.100098,2177.518311,9002404
2021-03-09,2200,2213.800049,2146.600098,2191.050049,2177.468506,6993792
2021-03-10,2207,2215.100098,2170.25,2181.949951,2168.424805,5316182
2021-03-12,2195,2206.399902,2123.899902,2137.600098,2124.349609,7783173
2021-03-15,2140.050049,2148.899902,2080.5,2108.899902,2095.827393,7706170
2021-03-16,2114,2126,2095.5,2100.600098,2087.579102,6402757
2021-03-17,2098.050049,2103,2035.099976,2055.350098,2042.609741,8865521
2021-03-18,2072.899902,2084.800049,2001,2009.099976,1996.64624,9528809
2021-03-19,1991,2095.850098,1982.800049,2082,2069.094482,19284892
2021-03-22,2071,2074,2033.199951,2062.399902,2049.615723,8571196
2021-03-23,2061.949951,2109.699951,2056,2087.5,2074.560059,8039865
2021-03-24,2079.75,2079.75,2040.400024,2047.300049,2034.609497,7763726
2021-03-25,2054,2054,1985,1991.449951,1979.105713,10153757
2021-03-26,2012,2013.699951,1973.699951,1994.650024,1982.285889,9313160
2021-03-30,2008,2048.899902,1991.550049,2029.300049,2016.721069,9433842
2021-03-31,2018,2049.899902,1999,2003.099976,1990.68335,7499740
2021-04-01,2018,2030,2003.150024,2021.849976,2009.317139,5410307
2021-04-05,2024.949951,2025,1962.099976,1992.599976,1980.248413,6864856
2021-04-06,2004,2004.949951,1969,1984.300049,1972,6465241
2021-04-07,2000,2046.900024,1993.300049,2002.849976,1990.434937,11198918
2021-04-08,2011,2022,1993,2005.349976,1992.919434,7092878
2021-04-09,1998.449951,2006.349976,1980,1982.050049,1969.764038,6478482
2021-04-12,1959,1961.400024,1900.25,1911.150024,1899.303467,9646031
2021-04-13,1924,1940.599976,1917.849976,1931.800049,1919.825439,8958261
2021-04-15,1926.300049,1961,1913,1944.300049,1932.247925,9102492
2021-04-16,1936.599976,1949.900024,1926.449951,1932.099976,1920.123535,7225679
2021-04-19,1904,1916.400024,1890,1901.699951,1889.911865,8527967
2021-04-20,1910.5,1919,1890.449951,1901.150024,1889.365356,7939490
2021-04-22,1892.25,1914.449951,1876.699951,1906.400024,1894.582886,6687573
2021-04-23,1906,1918.900024,1895.349976,1904.349976,1892.545532,5459016
2021-04-26,1920,1962,1911.5,1937.849976,1925.837891,9620785
2021-04-27,1940,1997.199951,1938.25,1988.650024,1976.322998,9226547
2021-04-28,1997.849976,2008,1980.150024,1997.300049,1984.919434,7902002
2021-04-29,2022.900024,2044.5,2007.300049,2024.050049,2011.503662,8035915
2021-04-30,2008.5,2036,1987.550049,1994.5,1982.136841,9150974
2021-05-03,1966,1979,1943.099976,1959.050049,1946.906494,10909942
2021-05-04,1950,1967.800049,1911,1916.599976,1904.719604,10083693
2021-05-05,1923.349976,1938.5,1908.050049,1920.099976,1908.197876,5719649
2021-05-06,1921.849976,1935,1906.599976,1931,1919.030396,6749281
2021-05-07,1937.75,1955.650024,1926,1931.75,1919.775757,5671163
2021-05-10,1939,1946.800049,1920.949951,1926.199951,1914.26001,6433879
2021-05-11,1915,1938.550049,1910,1933.150024,1921.166992,6220217
2021-05-12,1930.099976,1932.900024,1907,1913.150024,1901.291016,6081627
2021-05-14,1928.050049,1942,1906,1937.300049,1925.291382,6134079
2021-05-17,1937.300049,1963.449951,1930.400024,1960.349976,1948.198364,5479424
2021-05-18,1981,2002.599976,1972.5,1987.949951,1975.627319,5567958
2021-05-19,1980,2016.449951,1972,1997.050049,1984.671021,7530294
2021-05-20,1997.900024,2010.900024,1981,1985.400024,1973.09314,5271497
2021-05-21,1992,2009.599976,1986,2002.550049,1990.136963,4977555
2021-05-24,2008,2009.800049,1982,1985.650024,1973.341553,3946636
2021-05-25,1996.400024,1997,1960,1963.150024,1950.981079,6821015
2021-05-26,1975,1979.5,1965.300049,1970.050049,1957.838379,3452113
2021-05-27,1970.300049,1993,1962.25,1976.099976,1963.85083,12377100
2021-05-28,1990,2105,1990,2094.800049,2081.815186,26060864
2021-05-31,2102,2191.699951,2085.050049,2160.300049,2146.908936,27285782
2021-06-01,2166,2202,2146.5,2168.899902,2155.455811,12928379
2021-06-02,2157,2209.5,2157,2201.25,2187.605225,11366816
2021-06-03,2221,2250,2196.100098,2209.649902,2195.953125,11064116
2021-06-04,2214.800049,2216.449951,2184.25,2190.5,2176.921875,6677278
2021-06-07,2202,2242,2185,2227.399902,2213.593018,7539326
2021-06-08,2226.600098,2227.149902,2198.149902,2214.600098,2200.872559,4464889
2021-06-09,2219,2221,2157.949951,2175,2161.518066,5265326
2021-06-10,2193.399902,2230,2177.550049,2183,2169.468262,6532832
2021-06-11,2182.899902,2228,2180.100098,2213.149902,2206.506592,6351520
2021-06-14,2215,2258.25,2195.050049,2244.899902,2238.161377,9383416
2021-06-15,2261,2274.899902,2240.300049,2250,2243.246094,7002898
2021-06-16,2244.899902,2247.050049,2205.850098,2211.600098,2204.96167,4982975
2021-06-17,2200,2235,2179.899902,2215.649902,2208.999268,7266765
2021-06-18,2225.5,2235,2184.350098,2225.649902,2218.969238,13553801
2021-06-21,2203.5,2247.5,2200.149902,2237.25,2230.534424,5624044
2021-06-22,2254,2261,2219.350098,2225.75,2219.069092,5940386
2021-06-23,2250,2250.600098,2201.699951,2205.350098,2198.730225,7685796
2021-06-24,2206.850098,2214.600098,2140,2153.5,2147.035889,42209687
2021-06-25,2153.5,2153.5,2081.100098,2104.449951,2098.133057,25546334
2021-06-28,2122,2126.5,2081,2086,2079.738525,9357852
2021-06-29,2089.5,2109,2084.100098,2087.800049,2081.533203,12526981
2021-06-30,2096.25,2122.649902,2091.050049,2110.649902,2104.314453,9120556
2021-07-01,2118,2123.149902,2095,2097.949951,2091.652588,5784627
2021-07-02,2097,2132.899902,2092.949951,2129.050049,2122.65918,6500973
2021-07-05,2136.449951,2153.550049,2131.5,2150.199951,2143.745605,5400604
2021-07-06,2144.949951,2148.899902,2120.199951,2124.800049,2118.422119,4647361
2021-07-07,2127.75,2127.75,2098,2110.050049,2103.716309,4824931
2021-07-08,2116.949951,2116.949951,2081,2092.600098,2086.318848,5162088
2021-07-09,2088,2091.699951,2066.100098,2071.199951,2064.98291,4170886
2021-07-12,2079.75,2101.5,2074.5,2084.100098,2077.844238,3962111
2021-07-13,2100,2103.050049,2088.050049,2099.699951,2093.397217,3099956
2021-07-14,2100.350098,2106.850098,2081.25,2086,2079.738525,3937768
2021-07-15,2095,2095,2078.5,2082.350098,2076.099609,4360415
2021-07-16,2087.75,2114.75,2087.600098,2112.399902,2106.059082,4074206
2021-07-19,2100,2124,2092.25,2098.949951,2092.649658,3855577
2021-07-20,2099.5,2108,2084,2093.800049,2087.515137,3111185
2021-07-22,2119,2123.899902,2098.149902,2120.699951,2114.334229,3679260
2021-07-23,2134.449951,2134.449951,2102.050049,2105.699951,2099.379395,4585938
2021-07-26,2108,2121,2071.100098,2076.850098,2070.615967,5717830
2021-07-27,2076.800049,2083.699951,2042,2055,2048.831543,4995516
2021-07-28,2058,2058,2016.25,2037.349976,2031.234497,5952355
2021-07-29,2054,2074.399902,2043.400024,2053.25,2047.086792,6352886
2021-07-30,2058,2067.949951,2031.099976,2035.300049,2029.190674,5238304
2021-08-02,2054.300049,2079.399902,2041.150024,2072.5,2066.279053,5041934
2021-08-03,2090,2091,2064.199951,2087.75,2081.483154,5453682
2021-08-04,2094.399902,2114,2087,2103.75,2097.435303,6077861
2021-08-05,2114.300049,2154.800049,2104.25,2134.25,2127.84375,9807831
2021-08-06,2129.949951,2146.949951,2078.75,2089.050049,2082.779297,7670583
2021-08-09,2081,2089.800049,2066.5,2077.149902,2070.915039,3458546
2021-08-10,2082,2113,2073.75,2088.050049,2081.782471,5500708
2021-08-11,2096.949951,2120,2083.399902,2117.300049,2110.94458,4238859
2021-08-12,2124.899902,2126.199951,2105,2110.5,2104.165039,3755507
2021-08-13,2117.300049,2149.899902,2108.949951,2145.649902,2139.209229,5898384
2021-08-16,2149.350098,2203,2128.149902,2173.5,2166.97583,10123204
2021-08-17,2168.850098,2185.199951,2147.850098,2164.25,2157.753662,5841743
2021-08-18,2174,2186.800049,2152.600098,2172.649902,2166.128174,4650008
2021-08-20,2143,2172,2137,2148.25,2141.801514,4350228
2021-08-23,2174,2174,2132.300049,2162.350098,2155.859375,4547802
2021-08-24,2165.050049,2192,2155.600098,2183.699951,2177.145264,5475452
2021-08-25,2185.399902,2220,2180.100098,2202.600098,2195.988525,6175126
2021-08-26,2208,2244.899902,2205,2230.449951,2223.754883,8579105
2021-08-27,2237,2242.75,2216.050049,2227.399902,2220.713867,4836812
2021-08-30,2250,2275.850098,2236.800049,2270.25,2263.435303,6473487
2021-08-31,2276.899902,2283.75,2242.25,2258.149902,2251.371582,12223037
2021-09-01,2273,2292.899902,2263,2267.100098,2260.294922,5143640
2021-09-02,2255,2307.800049,2255,2294.399902,2287.512939,4595048
2021-09-03,2310,2395,2302.5,2388.5,2381.330566,14151629
2021-09-06,2413,2480,2412,2425.600098,2418.319092,15525644
2021-09-07,2430,2458,2412,2440.899902,2433.572998,8006968
2021-09-08,2452,2454,2406.649902,2431.350098,2424.052002,6600210
2021-09-09,2427.899902,2437.850098,2416.100098,2425.600098,2418.319092,4136538
2021-09-13,2433,2433,2368.050049,2371.550049,2364.431396,7527598
2021-09-14,2375,2394,2366,2368.449951,2361.340576,4111205
2021-09-15,2368.5,2395.75,2368.5,2378.300049,2371.161133,4186300
2021-09-16,2381.550049,2436.75,2367,2428.199951,2420.911133,6206657
2021-09-17,2446,2455.850098,2375.600098,2390.550049,2383.374268,16098099
2021-09-20,2372.100098,2418.350098,2370,2394.350098,2387.163086,5436385
2021-09-21,2405,2416.600098,2384,2404.699951,2397.481689,4576111
2021-09-22,2408,2442,2398.25,2430.5,2423.204346,5074612
2021-09-23,2447.399902,2497,2445.5,2489.899902,2482.426025,7267883
2021-09-24,2503.550049,2505.449951,2472,2482.699951,2475.247559,7011181
2021-09-27,2487,2529.899902,2475.300049,2524.449951,2516.872314,7095022
2021-09-28,2534,2564.899902,2512.800049,2548.050049,2540.401611,8323269
2021-09-29,2570,2570,2520.050049,2527.850098,2520.262207,4485721
2021-09-30,2525,2534.600098,2500.350098,2519.25,2511.687988,6272085
2021-10-01,2501.949951,2539.800049,2495,2523.699951,2516.124512,4134544
2021-10-04,2553,2574.850098,2537.050049,2556.149902,2548.477051,5038910
2021-10-05,2555.100098,2612,2547.350098,2609.199951,2601.36792,6245770
2021-10-06,2619.949951,2619.949951,2551.100098,2559.850098,2552.16626,4734472
2021-10-07,2595,2598.75,2567.699951,2572.399902,2564.678467,2924370
2021-10-08,2585.25,2684.399902,2581.5,2671.25,2663.231689,7279003
2021-10-11,2701.399902,2720,2645.350098,2652.649902,2644.6875,6815737
2021-10-12,2645,2683,2641.25,2667.800049,2659.792236,3083747
2021-10-13,2679,2719.5,2669.300049,2694.949951,2686.860596,4596429
2021-10-14,2700.350098,2717.449951,2687.199951,2700.399902,2692.294189,3979730
2021-10-18,2668.600098,2745,2662.300049,2707.600098,2699.472656,6273850
2021-10-19,2723.800049,2751.350098,2708,2731.850098,2723.649902,4076617
2021-10-20,2742.75,2742.75,2691.5,2700.399902,2692.294189,5865926
2021-10-21,2727.399902,2728,2603.199951,2622.5,2614.628174,9613812
2021-10-22,2620,2664.899902,2611.5,2627.399902,2619.513184,5089178
2021-10-25,2680,2680,2570,2601.800049,2593.990234,7937067
2021-10-26,2617.100098,2668.899902,2603.149902,2661.050049,2653.0625,4499706
2021-10-27,2652,2676.800049,2619.949951,2627.399902,2619.513184,4567140
2021-10-28,2620,2637.949951,2590.5,2598.600098,2590.799805,4562471
2021-10-29,2596.149902,2596.149902,2501.699951,2536.25,2528.636963,6568539
2021-11-01,2536.25,2556,2494.100098,2537.800049,2530.182373,7144532
2021-11-02,2545,2548,2495.25,2500.800049,2493.293457,4877652
2021-11-03,2506.050049,2520,2461,2483.600098,2476.14502,5533120
2021-11-04,2492.949951,2504.899902,2490,2498.850098,2491.349365,787160
2021-11-08,2519.399902,2520,2456.399902,2501.949951,2494.439941,9385607
2021-11-09,2505,2528.899902,2487.050049,2521.699951,2514.130615,7237470
2021-11-10,2516.699951,2558,2503.649902,2549.899902,2542.24585,4731975
2021-11-11,2540.050049,2570.5,2535.550049,2554.550049,2546.88208,4948422
2021-11-12,2562.899902,2598.75,2557,2593.100098,2585.316406,4020744
2021-11-15,2600,2602.199951,2570,2577.800049,2570.062256,2216708
2021-11-16,2572.050049,2575,2495,2517.899902,2510.342041,5232292
2021-11-17,2498.949951,2498.949951,2461,2464,2456.60376,4708235
2021-11-18,2460,2489,2450.050049,2473.300049,2465.875977,3925345
2021-11-22,2436.100098,2449,2351,2363.75,2356.654785,11133364
2021-11-23,2333.050049,2401.25,2309,2385.850098,2378.688477,11688406
2021-11-24,2380,2409.899902,2343.550049,2351.399902,2344.341797,7762564
2021-11-25,2373,2502,2357.149902,2492.949951,2485.466797,19568487
2021-11-26,2467.800049,2477.600098,2401.5,2412.600098,2405.358154,7274686
2021-11-29,2439.100098,2500,2399.100098,2441.5,2434.171387,11226147
2021-11-30,2468,2475.899902,2388.850098,2405.399902,2398.179688,14847511
2021-12-01,2433,2474,2425.100098,2467,2459.594727,4663276
2021-12-02,2469.699951,2496.199951,2461.600098,2482.850098,2475.397461,5870468
2021-12-03,2498.399902,2498.5,2400,2408.25,2401.02124,8871172
2021-12-06,2416,2425,2357.149902,2362.600098,2355.508301,4768334
2021-12-07,2376.149902,2404,2360,2381.850098,2374.700439,5185007
2021-12-08,2424.100098,2431.800049,2406.300049,2418.100098,2410.841797,4035437
2021-12-09,2435,2474.899902,2425,2456.449951,2449.076416,6098050
2021-12-10,2440.25,2466,2430.350098,2458.949951,2451.568848,3860176
2021-12-13,2473.5,2474.100098,2404,2409.649902,2402.416992,5954148
2021-12-14,2380,2406,2373.399902,2380.149902,2373.005371,5995586
2021-12-15,2384,2405,2361.100098,2373.199951,2366.076416,4322855
2021-12-16,2405.699951,2415.5,2368.649902,2403.899902,2396.684082,4504829
2021-12-17,2398.050049,2408,2320,2340.449951,2333.424561,9714489
2021-12-20,2317.850098,2317.850098,2247.100098,2277.350098,2270.51416,6611376
2021-12-21,2311.350098,2346,2292.199951,2311.25,2304.312256,5924071
2021-12-22,2324.899902,2371.899902,2322,2366.100098,2358.997803,8149415
2021-12-23,2374,2380,2358.050049,2365.25,2358.150146,4186912
2021-12-24,2370,2392,2337.550049,2372.800049,2365.677734,3639616
2021-12-27,2361.550049,2378,2348.100098,2370.25,2363.135254,1853948
2021-12-28,2375.600098,2404.850098,2373.050049,2398.399902,2391.200684,2941883
2021-12-29,2391,2419,2382.100098,2402.5,2395.28833,7118779
2021-12-30,2400,2404.949951,2345.600098,2359.100098,2352.018799,13537254
2021-12-31,2373,2383.899902,2360,2368.149902,2361.041504,4373768
2022-01-03,2365,2407.949951,2363.550049,2403.850098,2396.634521,2502073
2022-01-04,2415.899902,2461,2404,2458.100098,2450.72168,5006225
2022-01-05,2462,2477,2432.949951,2469.600098,2462.187012,5373618
2022-01-06,2451.199951,2454,2409,2416.5,2409.246338,6667483
2022-01-07,2430.949951,2458.050049,2411.550049,2436,2428.687988,6051239
2022-01-10,2452,2457,2416.050049,2438,2430.681885,4267365
2022-01-11,2436,2474.949951,2435,2455.550049,2448.179199,7478681
2022-01-12,2471.300049,2524.949951,2465,2521.100098,2513.532471,6830402
2022-01-13,2521.25,2541,2508.399902,2535.300049,2527.689941,5471871
2022-01-14,2535,2567.300049,2525.850098,2539,2531.378662,9197773
2022-01-17,2538,2565,2537,2552.25,2544.588867,3708822
2022-01-18,2554.75,2562.350098,2515.75,2521.800049,2514.230469,2868235
2022-01-19,2530,2542,2509,2521.600098,2514.031006,4502155
2022-01-20,2500.050049,2509.949951,2455,2477.449951,2470.013428,7612203
2022-01-21,2452,2502.25,2452,2477.850098,2470.412354,6155759
2022-01-24,2475,2504.75,2355.100098,2377.899902,2370.762207,10092511
2022-01-25,2349.550049,2388.649902,2305,2373.25,2366.126221,11311456
2022-01-27,2336,2356.100098,2311.050049,2338.100098,2331.081787,9239426
2022-01-28,2365,2375.899902,2328.399902,2335.850098,2328.838623,6769154
2022-01-31,2360.199951,2406.399902,2356.199951,2386.600098,2379.436279,5604308
2022-02-01,2408,2420.600098,2347.100098,2378.699951,2371.559814,6092033
2022-02-02,2407,2407,2375.100098,2383.550049,2376.395264,4623163
2022-02-03,2392,2401.449951,2347.199951,2352.75,2345.687744,4417864
2022-02-04,2341,2348.449951,2321.100098,2331.300049,2324.302246,5104761
2022-02-07,2342,2356.800049,2305,2317.100098,2310.144775,4944725
2022-02-08,2330.649902,2360,2310,2356.050049,2348.978027,5566080
2022-02-09,2371.149902,2387.199951,2358,2383.5,2376.345459,5300891
2022-02-10,2395.699951,2395.699951,2365.100098,2381.050049,2373.902832,5752361
2022-02-11,2373.25,2384.5,2344.100098,2376.399902,2369.266602,7357863
2022-02-14,2340.25,2354.949951,2313,2338.550049,2331.530518,4947109
2022-02-15,2351.199951,2423.899902,2335.699951,2417.949951,2410.691895,5174646
2022-02-16,2430,2433,2395.949951,2412.949951,2405.707031,4796294
2022-02-17,2420.100098,2454.899902,2410,2443.5,2436.165283,5931774
2022-02-18,2444.399902,2456.399902,2420.149902,2424.399902,2417.122559,3126873
2022-02-21,2412,2437.5,2384.600098,2399.899902,2392.696045,5125968
2022-02-22,2352.899902,2395.899902,2347.149902,2389,2381.828857,6227901
2022-02-23,2401.100098,2406.550049,2368,2374.050049,2366.923828,3373615
2022-02-24,2305,2339.899902,2243.399902,2255.75,2248.979004,11466725
2022-02-25,2280.100098,2307.949951,2276.25,2283.949951,2277.094238,6724094
2022-02-28,2243,2367.350098,2243,2359.550049,2352.467529,9828768
2022-03-02,2334.449951,2401,2329.199951,2398.550049,2391.350342,9909226
2022-03-03,2400,2414.850098,2370.050049,2378.300049,2371.161133,4701183
2022-03-04,2353,2364.300049,2320.350098,2325.550049,2318.56958,4986814
2022-03-07,2278.699951,2312.100098,2222,2239.550049,2232.827637,8299295
2022-03-08,2211.5,2246,2180,2235.5,2228.789795,9825043
2022-03-09,2236,2367,2234.149902,2354.100098,2347.033936,9421163
2022-03-10,2400,2405,2360,2392.25,2385.069092,8297995
2022-03-11,2376.050049,2411,2376.050049,2399.149902,2391.948486,5656799
2022-03-14,2386.899902,2424.399902,2374,2418.850098,2411.589355,3849222
2022-03-15,2427.949951,2427.949951,2340.850098,2363.449951,2356.355713,7349740
2022-03-16,2382,2407.899902,2377.100098,2403.350098,2396.135986,5145644
2022-03-17,2432.75,2497.399902,2415.100098,2481.699951,2474.250732,9886295
2022-03-21,2444,2484,2439,2467.399902,2459.993652,5537752
2022-03-22,2460.100098,2534.949951,2453.600098,2531.149902,2523.552246,10410082
2022-03-23,2523,2564.850098,2523,2539.199951,2531.578125,7135797
2022-03-24,2510,2584.149902,2510,2578.649902,2570.909668,6077153
2022-03-25,2582.5,2616,2577,2595.850098,2588.058105,6563676
2022-03-28,2610,2629.75,2586.5,2621.949951,2614.07959,4564891
2022-03-29,2638,2638,2607.399902,2622.550049,2614.677979,4007695
2022-03-30,2639.899902,2688,2617.100098,2672.949951,2664.926514,7297028
2022-03-31,2664.949951,2669.699951,2628.600098,2634.75,2626.841309,6102744
2022-04-01,2636,2665.149902,2622,2655.850098,2647.878174,3656408
2022-04-04,2655.449951,2675,2641.649902,2663.699951,2655.704346,3659307
2022-04-05,2651.100098,2669.899902,2620.699951,2626.050049,2618.16748,6068663
2022-04-06,2587.100098,2634.5,2587.100098,2619.050049,2611.188477,5656703
2022-04-07,2595.100098,2606,2567,2572.850098,2565.127197,7151632
2022-04-08,2560,2625,2560,2615.649902,2607.798584,6992874
2022-04-11,2600,2638.550049,2583,2610.199951,2602.36499,4270816
2022-04-12,2587,2602.600098,2555.399902,2561.050049,2553.362549,6099986
2022-04-13,2574.5,2592.600098,2545.5,2551.649902,2543.990723,4778478
2022-04-18,2533,2559.800049,2521.800049,2543.850098,2536.214355,4603103
2022-04-19,2558,2668,2551.050049,2640.800049,2632.873291,12064446
2022-04-20,2657.100098,2734,2649.100098,2718.449951,2710.290039,11570835
2022-04-21,2750.899902,2789,2732,2782.100098,2773.749023,10018531
2022-04-22,2758.899902,2802,2744.199951,2758.800049,2750.519043,6947490
2022-04-25,2742.399902,2758.399902,2663.649902,2695,2686.9104,7874671
2022-04-26,2710,2795,2707.699951,2775.649902,2767.318359,5643066
2022-04-27,2755.850098,2828,2755.050049,2778.350098,2770.010254,8924920
2022-04-28,2809.949951,2851,2786.100098,2819.850098,2811.385742,11820892
2022-04-29,2856.149902,2856.149902,2777.300049,2790.25,2781.874512,8406156
2022-05-02,2762,2805.5,2758.050049,2780.449951,2772.104004,4369022
2022-05-04,2785,2790,2676.300049,2693.649902,2685.564453,8882792
2022-05-05,2723.5,2730,2632,2640.899902,2632.972656,7942721
2022-05-06,2612.199951,2659,2593.550049,2620.649902,2612.783447,9068448
2022-05-09,2574.949951,2597.100098,2507,2518.300049,2510.740967,8345649
2022-05-10,2495,2526.600098,2458,2474.649902,2467.22168,9004636
2022-05-11,2472.649902,2484.949951,2421.949951,2449.300049,2441.947998,7681157
2022-05-12,2427.5,2434.850098,2370,2399.399902,2392.197754,9456280
2022-05-13,2426,2478,2415.350098,2426.600098,2419.316162,8910998
2022-05-16,2434.449951,2481,2416.649902,2427.199951,2419.914307,6201594
2022-05-17,2435.100098,2539.899902,2432,2529.149902,2521.558105,7638666
2022-05-18,2539.649902,2570,2508.25,2538.350098,2530.730713,7973235
2022-05-19,2484,2512.5,2466.050049,2479.850098,2472.40625,6783641
2022-05-20,2512.5,2644.399902,2502,2624.449951,2616.572266,10057508
2022-05-23,2631.5,2653.550049,2593,2606.899902,2599.074707,7039144
2022-05-24,2607,2638,2597.699951,2615.850098,2607.998047,6243086
2022-05-25,2635,2656.699951,2601.5,2612,2604.159668,5867760
2022-05-26,2624.399902,2634.899902,2548,2587.100098,2579.334473,8252551
2022-05-27,2593.050049,2605.149902,2540.100098,2575.100098,2567.370361,7624888
2022-05-30,2615,2674,2594.199951,2664.800049,2656.801025,6393341
2022-05-31,2641.399902,2678.800049,2615.699951,2632.649902,2624.747559,32591420
2022-06-01,2634.300049,2655.199951,2616.199951,2633.5,2625.594971,4512079
2022-06-02,2634,2732.449951,2634,2724.300049,2716.122559,10211408
2022-06-03,2744,2817.350098,2742,2779.5,2771.156738,11048210
2022-06-06,2780,2814,2751.800049,2767.550049,2759.242676,5119488
2022-06-07,2769.899902,2791.100098,2752.050049,2772.75,2764.427002,5703333
2022-06-08,2772.75,2781,2716.300049,2724.050049,2715.873291,5759172
2022-06-09,2710,2803,2710,2798.75,2790.349121,7973935
2022-06-10,2771.899902,2789.899902,2701.5,2714.25,2706.102783,8349943
2022-06-13,2650,2672.800049,2616.300049,2662.899902,2654.906738,8131998
2022-06-14,2650.050049,2671.850098,2613.449951,2628.100098,2620.211426,6790653
2022-06-15,2617.550049,2637.300049,2584.399902,2596.300049,2588.506836,5166738
2022-06-16,2623,2659.050049,2554,2560,2552.315674,7896943
2022-06-17,2560,2624.850098,2556.100098,2590,2582.225586,11286988
2022-06-20,2605,2617.100098,2521.100098,2543.050049,2535.416504,5568825
2022-06-21,2560,2593.399902,2528.300049,2584.100098,2576.343506,5408801
2022-06-22,2558.100098,2558.300049,2501,2505.600098,2498.079102,4899839
2022-06-23,2515.050049,2525,2445,2464.949951,2457.551025,8974475
2022-06-24,2480,2511,2468,2500.050049,2492.545654,6571866
2022-06-27,2544.949951,2544.949951,2481.550049,2492.649902,2485.167725,7141493
2022-06-28,2482.100098,2533.949951,2482.100098,2527.699951,2520.112549,6263867
2022-06-29,2507.199951,2597,2501,2580.149902,2572.405029,8863172
2022-06-30,2580,2615.899902,2566,2595.649902,2587.858643,10666627
2022-07-01,2574.899902,2592,2365,2408.699951,2401.469727,37841671
2022-07-04,2378.949951,2442,2366.100098,2413.699951,2406.454834,19317335
2022-07-05,2423,2464.899902,2417.100098,2433.25,2425.946045,8144239
2022-07-06,2420.100098,2441.949951,2388,2411.850098,2404.610352,11050026
2022-07-07,2425.899902,2433.25,2375,2388.100098,2380.931641,10753423
2022-07-08,2418,2418,2382.550049,2391.399902,2384.22168,8773162
2022-07-11,2376.5,2428.800049,2370,2423.899902,2416.624023,6390604
2022-07-12,2404,2439.699951,2404,2420.449951,2413.18457,4974502
2022-07-13,2427.300049,2434,2373,2377.550049,2370.41333,6564435
2022-07-14,2388,2433.949951,2376.949951,2397.149902,2389.954346,7831798
2022-07-15,2415,2415,2383.100098,2401.800049,2394.590576,4431880
2022-07-18,2421,2425,2392.300049,2422.25,2414.979248,6996757
2022-07-19,2400.300049,2447,2400.300049,2437.100098,2429.784668,7587006
2022-07-20,2540,2542.5,2486.25,2503,2495.486816,11041036
2022-07-21,2494,2500,2467.300049,2486.300049,2478.836914,7625468
2022-07-22,2500,2516.300049,2495,2503.100098,2495.58667,5062651
2022-07-25,2467.449951,2467.449951,2403,2420.399902,2413.134521,10665470
2022-07-26,2421.100098,2443.899902,2411.350098,2421.5,2414.231445,5216466
2022-07-27,2419.949951,2427,2402,2419.199951,2411.938232,3994321
2022-07-28,2436,2467.949951,2421,2457.100098,2449.724609,5766936
2022-07-29,2474.699951,2517.100098,2464,2509.449951,2501.91748,6982808
2022-08-01,2519.149902,2587.75,2507.600098,2574.850098,2567.121094,7245568
2022-08-02,2572.5,2607.800049,2561.550049,2584.649902,2576.891602,6423115
2022-08-03,2600,2610,2567.449951,2606.350098,2598.526611,6576824
2022-08-04,2610,2617.75,2535,2571.899902,2564.179932,6676577
2022-08-05,2576,2578.800049,2526.949951,2534,2526.393799,6434433
2022-08-08,2531,2583.550049,2531,2567.149902,2559.444092,4691228
2022-08-10,2576.899902,2589.899902,2557.050049,2582.5,2574.748047,4949442
2022-08-11,2603.100098,2609.899902,2580.199951,2591.100098,2583.32251,3783480
2022-08-12,2590.300049,2641.350098,2582.199951,2633,2625.096436,5838244
2022-08-16,2646.199951,2657.300049,2627.300049,2651.300049,2643.341553,3049304
2022-08-17,2665,2676.899902,2655.550049,2665.149902,2657.149902,3044037
2022-08-18,2660,2669,2640.199951,2661.300049,2661.300049,3419730
2022-08-19,2650,2661.699951,2604.949951,2613.850098,2613.850098,4366123
2022-08-22,2617,2631.300049,2586,2606.600098,2606.600098,4371179
2022-08-23,2594,2653.199951,2591.350098,2646.800049,2646.800049,4466619
2022-08-24,2640.100098,2670,2635.350098,2639.75,2639.75,4785579
2022-08-25,2648.949951,2662.899902,2622.600098,2632.050049,2632.050049,3632902
2022-08-26,2633,2650,2607,2618,2618,4957449
2022-08-29,2585,2655,2578.050049,2597.649902,2597.649902,9155684
2022-08-30,2614,2645.25,2576.600098,2637.949951,2637.949951,10678670
2022-09-01,2582.649902,2604.949951,2550.699951,2560.399902,2560.399902,9188434
2022-09-02,2560.399902,2575.350098,2525.699951,2530.5,2530.5,5999196
2022-09-05,2531,2581.5,2531,2569.800049,2569.800049,5227785
2022-09-06,2573,2606,2572,2596.850098,2596.850098,5030172
2022-09-07,2575,2594.899902,2570,2581.75,2581.75,3455942
2022-09-08,2588.25,2598,2571,2585.399902,2585.399902,3256840
2022-09-09,2610,2610,2564,2569.300049,2569.300049,3837302
2022-09-12,2570.550049,2612,2570.550049,2598.050049,2598.050049,3431445
2022-09-13,2618,2629.699951,2601,2619.75,2619.75,4102114
2022-09-14,2575,2610,2572.75,2588.350098,2588.350098,4004997
2022-09-15,2583,2603.550049,2556.75,2562.699951,2562.699951,4783723
2022-09-16,2543.75,2553,2491,2499.199951,2499.199951,9330469
2022-09-19,2499.199951,2522.699951,2481.350098,2502.449951,2502.449951,3498286
2022-09-20,2522.449951,2537.699951,2494.699951,2502.850098,2502.850098,3881882
2022-09-21,2496.75,2533,2495,2509.75,2509.75,4249172
2022-09-22,2486,2503,2472.100098,2486.100098,2486.100098,4757219
2022-09-23,2485,2495.949951,2436.100098,2439.5,2439.5,4397194
2022-09-26,2394.050049,2417.800049,2375.149902,2377.350098,2377.350098,5759298
2022-09-27,2394,2426,2360.100098,2396.25,2396.25,7455448
2022-09-28,2360.350098,2378,2327.100098,2332.449951,2332.449951,7844140
2022-09-29,2360,2367.5,2313,2325.300049,2325.300049,6771046
2022-09-30,2311,2402,2311,2377.75,2377.75,8589908
2022-10-03,2391.5,2416.949951,2363,2369.5,2369.5,5470030
2022-10-04,2397.800049,2418,2390.149902,2413.199951,2413.199951,4129893
2022-10-06,2429,2450,2418.149902,2422.100098,2422.100098,6162021
2022-10-07,2414.649902,2443.899902,2414.649902,2432.350098,2432.350098,3560167
2022-10-10,2405,2417.600098,2388,2405.800049,2405.800049,2921076
2022-10-11,2414,2414,2351.100098,2357.899902,2357.899902,4252803
2022-10-12,2352,2381.699951,2343.100098,2375.25,2375.25,3422992
2022-10-13,2371.399902,2394,2360.100098,2382.800049,2382.800049,3382098
2022-10-14,2415,2416.350098,2369.100098,2370.699951,2370.699951,4202459
2022-10-17,2355,2414,2343.600098,2408.75,2408.75,7720595
2022-10-18,2422,2463,2420.149902,2451.25,2451.25,5729899
2022-10-19,2454.5,2527.850098,2441.699951,2493.899902,2493.899902,8882553
2022-10-20,2485,2519,2485,2500.600098,2500.600098,4022919
2022-10-21,2507.699951,2516.800049,2467,2471.600098,2471.600098,3804352
2022-10-24,2460,2502.5,2455.300049,2479.850098,2479.850098,1555270
2022-10-25,2499,2499,2438,2441.550049,2441.550049,5645639
2022-10-27,2458,2468.449951,2432.800049,2451.149902,2451.149902,5774775
2022-10-28,2465,2535,2459.449951,2526.149902,2526.149902,8126824
2022-10-31,2541,2560.949951,2532.199951,2549.600098,2549.600098,5731802
2022-11-01,2600,2600,2508,2529.850098,2529.850098,6443999
2022-11-02,2532.300049,2550.199951,2515,2545.649902,2545.649902,4145144
2022-11-03,2529.850098,2559.550049,2525.050049,2555.149902,2555.149902,3089026
2022-11-04,2553.899902,2600,2551.100098,2592.75,2592.75,5803737
2022-11-07,2591,2610.300049,2574,2606.600098,2606.600098,5440967
2022-11-09,2610.300049,2621.949951,2590.050049,2604,2604,5193814
2022-11-10,2590,2596.550049,2563,2572.5,2572.5,2753420
2022-11-11,2600,2636,2588,2631.800049,2631.800049,5681124
2022-11-14,2630.75,2642,2605.149902,2619.050049,2619.050049,4173395
2022-11-15,2622.300049,2626.399902,2590,2607.300049,2607.300049,3270388
2022-11-16,2610,2615.949951,2581.350098,2592.350098,2592.350098,4484007
2022-11-17,2584.949951,2613,2580,2599.050049,2599.050049,3074259
2022-11-18,2606.75,2609,2571.100098,2597.649902,2597.649902,2447425
2022-11-21,2588,2588,2543.100098,2550.899902,2550.899902,2949108
2022-11-22,2545,2568.5,2536.5,2565.050049,2565.050049,3051201
2022-11-23,2575,2577.899902,2552.25,2557.050049,2557.050049,2959787
2022-11-24,2566,2594,2548.199951,2579.100098,2579.100098,4333225
2022-11-25,2589,2624.899902,2582.100098,2617.600098,2617.600098,3391988
2022-11-28,2608.899902,2721.050049,2502,2707.550049,2707.550049,14549929
2022-11-29,2703.949951,2731.649902,2694,2712.199951,2712.199951,5103687
2022-11-30,2712.5,2745.449951,2698.199951,2731.350098,2731.350098,12075137
2022-12-01,2741.800049,2755,2716,2723.300049,2723.300049,4377696
2022-12-02,2730,2748,2700.600098,2722.149902,2722.149902,5348595
2022-12-05,2712,2716.75,2678,2682.449951,2682.449951,6843367
2022-12-06,2665.100098,2697,2661,2690.199951,2690.199951,3966243
2022-12-07,2685,2695,2642.149902,2650.5,2650.5,3905263
2022-12-08,2660,2665,2640.100098,2649.25,2649.25,3579858
2022-12-09,2646,2660,2601.850098,2609.100098,2609.100098,5840633
2022-12-12,2585.5,2623,2585,2613.100098,2613.100098,4374946
2022-12-13,2613.100098,2633,2606.699951,2625,2625,3845839
2022-12-14,2637.649902,2638.949951,2611,2615.5,2615.5,3354618
2022-12-15,2602.5,2615,2571,2578.350098,2578.350098,4009765
2022-12-16,2571,2618.800049,2558.149902,2565.600098,2565.600098,7308934
2022-12-19,2581,2604,2566.699951,2599.300049,2599.300049,3567363
2022-12-20,2583.899902,2626,2566,2621.800049,2621.800049,3446291
2022-12-21,2621,2633,2576.100098,2584.5,2584.5,3935463
2022-12-22,2598,2604.649902,2566.75,2577.800049,2577.800049,3438692
2022-12-23,2563.300049,2590.5,2492.25,2502.199951,2502.199951,4733657
2022-12-26,2514.75,2542,2492.399902,2524.050049,2524.050049,2764496
2022-12-27,2530,2548.800049,2515.25,2544.699951,2544.699951,2659749
2022-12-28,2538,2549.800049,2521.5,2544.449951,2544.449951,3442509
2022-12-29,2527,2548.899902,2525.5,2543.300049,2543.300049,3198493
2022-12-30,2545.100098,2577,2541.100098,2547.199951,2547.199951,3364092
2023-01-02,2550,2579,2548.199951,2575.899902,2575.899902,2453414
2023-01-03,2565.050049,2573,2547.800049,2557.050049,2557.050049,3534596
2023-01-04,2557,2561.050049,2514,2518.550049,2518.550049,4275746
2023-01-05,2523.5,2536.399902,2504,2514.050049,2514.050049,6293519
2023-01-06,2526.649902,2547.949951,2518.300049,2536.899902,2536.899902,2930338
2023-01-09,2545.300049,2602,2543.350098,2596.800049,2596.800049,4948549
2023-01-10,2606,2606,2546,2558.399902,2558.399902,3713755
2023-01-11,2552.5,2558,2521.100098,2526.149902,2526.149902,5311657
2023-01-12,2524.850098,2532.5,2465,2471.600098,2471.600098,8163366
2023-01-13,2458.399902,2472.899902,2434.600098,2467.600098,2467.600098,9515473
2023-01-16,2472.699951,2479.649902,2427,2444.100098,2444.100098,6287407
2023-01-17,2458,2483,2450.600098,2478.800049,2478.800049,4961585
2023-01-18,2473.5,2491.100098,2460.350098,2474.699951,2474.699951,6206382
2023-01-19,2472.899902,2481.149902,2456.649902,2472.050049,2472.050049,5510333
2023-01-20,2475,2475,2437.25,2442.649902,2442.649902,6890325
2023-01-23,2449,2466.199951,2425,2430.300049,2430.300049,5055324
2023-01-24,2440,2443.649902,2387.350098,2415.949951,2415.949951,7609558
2023-01-25,2412.449951,2414.699951,2380,2382.550049,2382.550049,5715684
2023-01-27,2384.399902,2387.350098,2311.649902,2337.350098,2337.350098,11920991
2023-01-30,2331.699951,2371.899902,2301,2359.75,2359.75,10047822
2023-01-31,2382,2387.649902,2341,2353.850098,2353.850098,10472167
2023-02-01,2379.949951,2379.949951,2305,2339.899902,2339.899902,8929007
2023-02-02,2318,2348,2311,2326.949951,2326.949951,6305317
2023-02-03,2349,2349,2293,2329,2329,11398850
2023-02-06,2315,2321,2305.800049,2311.449951,2311.449951,6847679
2023-02-07,2312,2327.399902,2293,2305.899902,2305.899902,6985001
2023-02-08,2313,2359.899902,2307,2351.949951,2351.949951,9765490
2023-02-09,2353.449951,2370.850098,2334,2356.050049,2356.050049,6079228
2023-02-10,2354.899902,2354.899902,2321.300049,2336.649902,2336.649902,4979789
2023-02-13,2340.199951,2350,2313.550049,2323.350098,2323.350098,4777674
2023-02-14,2329.949951,2381.899902,2323.649902,2378.100098,2378.100098,6609564
2023-02-15,2376,2437.199951,2373,2431.949951,2431.949951,15461902
2023-02-16,2449.449951,2463.800049,2425.050049,2430.050049,2430.050049,7967558
2023-02-17,2420,2447.5,2410.600098,2440.199951,2440.199951,5450092
2023-02-20,2445,2449.75,2410.100098,2414.399902,2414.399902,4078245
2023-02-21,2424,2446.800049,2412.350098,2434.100098,2434.100098,6143298
2023-02-22,2425.949951,2430,2375.050049,2378.899902,2378.899902,5087729
2023-02-23,2378,2394.75,2361.350098,2367.5,2367.5,4546655
2023-02-24,2372,2396.149902,2368,2383.699951,2383.699951,4353814
2023-02-27,2382,2389.649902,2351.699951,2367.850098,2367.850098,5168667
2023-02-28,2356.100098,2367,2313.649902,2322.550049,2322.550049,10150245
2023-03-01,2344,2345.5,2323.25,2343.899902,2343.899902,5330852
2023-03-02,2337,2351.649902,2321.600098,2326.050049,2326.050049,4307425
2023-03-03,2349.149902,2393.449951,2341.550049,2385.399902,2385.399902,6758115
2023-03-06,2400,2424.600098,2400,2408.699951,2408.699951,4694338
2023-03-08,2408.699951,2419,2385,2417.350098,2417.350098,7283694
2023-03-09,2416,2416.899902,2355.100098,2359.25,2359.25,7492509
2023-03-10,2341.5,2344,2315.050049,2322.699951,2322.699951,6153681
2023-03-13,2329,2344,2275,2284.5,2284.5,5894088
2023-03-14,2280,2304.949951,2269.050049,2275.949951,2275.949951,7396699
2023-03-15,2284.100098,2298.300049,2227.399902,2237.050049,2237.050049,10027725
2023-03-16,2243,2254,2202.199951,2225.899902,2225.899902,8474595
2023-03-17,2244.75,2251.949951,2212.699951,2223.100098,2223.100098,15697554
2023-03-20,2215,2220,2180,2201.25,2201.25,9010595
2023-03-21,2218.949951,2274,2217,2269.699951,2269.699951,9876263
2023-03-22,2285,2291.449951,2270,2276.600098,2276.600098,5039622
2023-03-23,2268,2269.899902,2243.050049,2247.800049,2247.800049,7499082
2023-03-24,2245.25,2250,2198,2203.300049,2203.300049,5711497
2023-03-27,2217.5,2254,2200.199951,2237.550049,2237.550049,6486068
2023-03-28,2245,2256.5,2237,2248,2248,5804018
2023-03-29,2239,2244.800049,2211.100098,2234.699951,2234.699951,8678073
2023-03-31,2255,2343.449951,2254.699951,2331.050049,2331.050049,13001005
2023-04-03,2345,2349,2315,2331.449951,2331.449951,4750238
2023-04-05,2348,2348,2308.550049,2325.850098,2325.850098,7505339
2023-04-06,2318.149902,2354,2318.149902,2341.449951,2341.449951,8507771
2023-04-10,2350,2350.399902,2321.550049,2324.850098,2324.850098,5981688
2023-04-11,2334,2341,2324.050049,2336.350098,2336.350098,4865301
2023-04-12,2336.350098,2367.800049,2330.050049,2346.649902,2346.649902,8389646
2023-04-13,2353,2365.800049,2342,2355.5,2355.5,5712541
2023-04-17,2424.949951,2424.949951,2349.050049,2367.449951,2367.449951,8274452
2023-04-18,2377,2377,2326,2340.350098,2340.350098,4802172
2023-04-19,2339.050049,2357.899902,2332.199951,2352,2352,5664207
2023-04-20,2354.100098,2359,2332.100098,2346.050049,2346.050049,3233882
2023-04-21,2350.649902,2361,2336.399902,2349,2349,3529236
2023-04-24,2375,2380.899902,2348,2358,2358,5970048
2023-04-25,2366,2380.600098,2350.5,2376.050049,2376.050049,4262471
2023-04-26,2379,2386.100098,2354.050049,2362.100098,2362.100098,3977129
2023-04-27,2375,2384,2364,2377.050049,2377.050049,4230627
2023-04-28,2382,2423.899902,2381.75,2420.5,2420.5,7183342
2023-05-02,2436.199951,2445.800049,2428.100098,2441.050049,2441.050049,5991101
2023-05-03,2445,2445,2413.050049,2420.100098,2420.100098,3259053
2023-05-04,2421.149902,2452.850098,2414.600098,2448,2448,3985159
2023-05-05,2441,2461.350098,2436,2441.75,2441.75,4036548
2023-05-08,2450,2483.649902,2444.149902,2471.899902,2471.899902,4224469
2023-05-09,2475,2486.800049,2463.25,2479.550049,2479.550049,2983468
2023-05-10,2490,2499.850098,2481.199951,2496.600098,2496.600098,5017544
2023-05-11,2498.949951,2509.5,2476.550049,2480.300049,2480.300049,4872451
2023-05-12,2469.800049,2487.399902,2456.5,2484.350098,2484.350098,3209889
2023-05-15,2489.899902,2504.550049,2473.149902,2489.25,2489.25,3153587
2023-05-16,2494,2499.600098,2450.149902,2453.800049,2453.800049,4023000
2023-05-17,2463,2465,2429,2439.300049,2439.300049,4060722
2023-05-18,2449.550049,2457,2427.149902,2434.050049,2434.050049,4857531
2023-05-19,2434.050049,2445.949951,2418.850098,2441.949951,2441.949951,3715280
2023-05-22,2435,2466,2432.350098,2455,2455,3431208
2023-05-23,2460.649902,2468,2451.449951,2454.550049,2454.550049,2811473
2023-05-24,2445.899902,2464,2433.449951,2440.25,2440.25,3743804
2023-05-25,2433.899902,2449,2416.050049,2439.949951,2439.949951,5301647
2023-05-26,2458,2509,2450.75,2506.5,2506.5,5827017
2023-05-29,2521,2530,2507.199951,2520.600098,2520.600098,4619754
2023-05-30,2520.600098,2537.699951,2514.350098,2519.949951,2519.949951,5234564
2023-05-31,2500,2509.850098,2461,2469.899902,2469.899902,12510304
2023-06-01,2480.149902,2484.899902,2458,2463.25,2463.25,6734525
2023-06-02,2471,2482.850098,2451,2455.199951,2455.199951,7291995
2023-06-05,2467.199951,2483.75,2458.449951,2477.25,2477.25,5034355
2023-06-06,2483.449951,2487.699951,2462,2479.350098,2479.350098,3458161
2023-06-07,2487,2500,2472.600098,2498.149902,2498.149902,4759238
2023-06-08,2506,2516.850098,2491,2499.649902,2499.649902,5570815
2023-06-09,2507,2508.550049,2478,2481.949951,2481.949951,2712243
2023-06-12,2475.5,2489.199951,2465,2484.149902,2484.149902,2949893
2023-06-13,2495,2523.449951,2486.25,2520.850098,2520.850098,5190958
2023-06-14,2521,2555,2517,2551.850098,2551.850098,6127509
2023-06-15,2551.800049,2562.550049,2535.5,2552.550049,2552.550049,5451926
2023-06-16,2560.199951,2582.399902,2560.199951,2577.399902,2577.399902,11155180
2023-06-19,2584,2584,2542.649902,2551.800049,2551.800049,3137532
2023-06-20,2547.550049,2564,2535,2557.100098,2557.100098,3194085
2023-06-21,2557,2569.850098,2548,2564.300049,2564.300049,3212779
2023-06-22,2556,2573.300049,2532,2535.5,2535.5,3516244
2023-06-23,2528.899902,2533.399902,2512,2514.75,2514.75,3059084
2023-06-26,2507,2515.399902,2488.699951,2495.550049,2495.550049,5833893
2023-06-27,2496.550049,2509.5,2486.649902,2496.449951,2496.449951,4471687
2023-06-28,2496.449951,2496.449951,2496.449951,2496.449951,2496.449951,0
2023-06-30,2546.399902,2556.649902,2533.449951,2550.25,2550.25,5146441
2023-07-03,2558.050049,2622,2555.350098,2615.699951,2615.699951,5609248
2023-07-04,2625,2625,2573.25,2588.75,2588.75,3720447
2023-07-05,2609,2609,2575.800049,2584.5,2584.5,4729479
2023-07-06,2576.050049,2644.449951,2576.050049,2638.75,2638.75,8822948
2023-07-07,2635,2664.949951,2628,2633.600098,2633.600098,6172684
2023-07-10,2688.899902,2756,2675,2735.050049,2735.050049,15340262
2023-07-11,2752.899902,2770,2737.600098,2764.699951,2764.699951,9262001
2023-07-12,2766.300049,2802,2761.649902,2767.75,2767.75,8645662
